1,5.95,2,,2018-07-26,0,,,,32,SKU-222,,1
2,20.66,2,,2020-05-07,0.1,33.435445,-86.113352,,24,SKU-601,35160,1
3,62.65,2,,2018-05-07,0,,,,2,SKU-900,,7
4,4.25,2,,2018-09-29,0,,,,22,SKU-296,,1
5,9.2,2,Shopper complained about ridiculous prices,2019-05-18,0,36.054567,-119.30781,,28,SKU-451,93272,8
6,12.95,2,,2016-10-05,0,,,,5,SKU-195,,1
7,12.95,2,,2017-12-22,0,,,,12,SKU-296,,1
8,12.95,2,,2016-06-27,0,,,,3,SKU-195,,1
9,17.96,2,,2017-06-01,0.1,,,,6,SKU-199,,1
10,6.26,1,,2020-09-07,0.1,,,,9,SKU-928,,1
11,3.83,2,,2017-10-12,0.1,42.852411,-73.8701,,29,SKU-296,12148,1
12,3.95,2,,2017-04-28,0,41.539496,-75.703737,,29,SKU-203,18414,1
13,5.95,2,,2019-06-22,0,,,,23,SKU-712,,1
14,91.8,2,,2019-12-10,0,,,,4,SKU-601,,4
15,8.06,1,,2019-04-22,0.1,42.514102,-85.406706,,26,SKU-900,49046,1
16,19.95,2,,2020-04-11,0,,,,5,SKU-199,,1
17,3.95,1,,2020-07-23,0,30.838543,-83.969616,,24,SKU-203,31792,1
18,1.95,2,,2019-08-14,0,,,,14,SKU-287,,1
19,17.96,2,,2021-03-23,0.1,,,,22,SKU-199,,1
20,1.04,2,,2018-01-07,0.1,40.680673,-73.444447,,29,SKU-451,11762,1
21,12.95,2,,2018-06-21,0,40.212669,-76.99493,,29,SKU-195,17055,1
22,3.95,2,,2020-09-23,0,43.338456,-75.161618,,29,SKU-203,13438,1
23,4.46,2,,2018-11-19,0.1,,,,33,SKU-223,,1
24,11.85,2,,2020-06-06,0,,,,4,SKU-203,,3
25,3.83,2,,2020-10-28,0.1,30.172026,-97.878433,,27,SKU-296,78739,1
26,1.76,2,,2018-10-15,0.1,,,,5,SKU-296,,1
27,2.95,,,2016-11-30,0,,,,9,SKU-192,,1
28,1.15,2,,2017-01-04,0,,,,6,SKU-451,,1
29,1.95,1,,2018-03-06,0,,,,35,SKU-287,,1
30,12.95,1,,2016-12-07,0,,,,9,SKU-296,,1
31,8.06,2,,2018-05-18,0.1,41.29117,-72.527973,,29,SKU-900,6413,1
32,1.76,2,Shopper complained about prices,2016-02-25,0.1,,,,20,SKU-287,,1
33,12.95,2,,2019-11-19,0,,,,12,SKU-296,,1
34,2.95,2,,2020-09-30,0,,,,16,SKU-192,,1
35,11.66,1,,2019-03-23,0.1,,,,3,SKU-195,,1
36,3.95,2,,2020-01-13,0,,,,33,SKU-709,,1
37,1.15,2,,2016-07-21,0,,,,5,SKU-451,,1
38,17.96,1,,2020-05-21,0.1,33.92816,-116.889928,,28,SKU-199,92220,1
39,2.95,2,,2018-05-03,0,,,,4,SKU-192,,1
40,4.95,,,2018-11-04,0,38.945602,-76.199701,,29,SKU-223,21638,1
41,59.85,2,,2018-10-12,0,,,,32,SKU-199,,3
42,8.06,2,,2018-12-26,0.1,,,,21,SKU-900,,1
43,10.67,2,,2018-05-19,0.1,,,,1,SKU-203,,3
44,19.95,2,,2018-11-14,0,,,,2,SKU-199,,1
45,3.95,2,,2020-04-06,0,,,,33,SKU-203,,1
46,3.4,2,,2017-12-25,0.2,,,,1,SKU-204,,1
47,1.48,2,,2017-06-29,0.5,,,,9,SKU-101,,1
48,4.95,2,,2021-05-28,0,39.390989,-87.09347,,26,SKU-223,47840,1
49,1.95,2,,2019-01-12,0,40.117741,-88.753055,,26,SKU-287,61882,1
50,22.95,2,,2016-03-12,0,32.697047,-117.115257,,28,SKU-601,92113,1
51,2.66,2,,2016-02-12,0.1,,,,15,SKU-192,,1
52,1.95,,,2019-06-18,0,,,,4,SKU-287,,1
53,8.95,2,,2021-01-28,0,,,,4,SKU-900,,1
54,4.95,1,,2016-02-17,0,,,,1,SKU-223,,1
55,11.85,1,,2018-09-29,0,41.927206,-73.888754,,25,SKU-709,12572,3
56,4.95,2,,2017-04-03,0,31.49721,-95.444713,,27,SKU-223,75844,1
57,4.46,2,,2017-02-20,0.1,40.539594,-75.424208,,29,SKU-708,18034,1
58,5.95,1,,2020-12-06,0,,,,35,SKU-222,,1
59,3.83,2,,2016-06-22,0.1,,,,13,SKU-204,,1
60,12.95,1,,2016-04-24,0,,,,5,SKU-195,,1
61,7.97,2,,2018-09-22,0.1,,,,35,SKU-192,,3
62,2.66,1,,2019-11-28,0.1,,,,6,SKU-296,,1
63,1.76,2,,2020-09-25,0.1,,,,34,SKU-287,,1
64,12.95,2,,2019-02-10,0,,,,33,SKU-195,,1
65,22.95,2,,2019-12-01,0,41.772313,-71.354244,,25,SKU-601,2915,1
66,22.95,2,,2020-04-12,0,,,,20,SKU-601,,1
67,11.85,2,,2019-12-28,0,,,,4,SKU-203,,3
68,20.65,1,,2019-03-08,0,,,,1,SKU-192,,7
69,4.95,2,,2019-03-07,0,,,,1,SKU-708,,1
70,4.95,2,,2016-05-07,0,48.970763,-122.207425,,30,SKU-223,98295,1
71,12.95,1,Shopper complained about cashier,2019-12-31,0,42.27868,-71.158868,,25,SKU-195,2132,1
72,8.95,,,2020-11-03,0,,,,5,SKU-900,,1
73,1.76,2,,2021-05-13,0.1,,,,3,SKU-287,,1
74,19.95,2,,2020-06-11,0,,,,5,SKU-199,,1
75,20.66,2,,2020-02-20,0.1,40.603915,-74.147218,,29,SKU-601,10314,1
76,71.6,2,,2018-09-15,0,,,,20,SKU-900,,8
77,1.95,2,,2020-05-19,0,,,,4,SKU-287,,1
78,1.04,1,,2017-11-03,0.1,,,,33,SKU-451,,1
79,31.6,2,Shopper was happy about coupons,2020-12-31,0,,,,4,SKU-203,,8
80,8.06,2,,2016-05-16,0.1,,,,12,SKU-900,,1
81,56.39,2,Customer complained about service,2020-04-29,0.1,,,,1,SKU-900,,7
82,1.95,2,,2019-08-25,0,,,,12,SKU-287,,1
83,25.9,2,,2020-01-28,0,34.128663,-117.855155,,28,SKU-195,91740,2
84,8.91,2,Shopper complained about high prices,2020-12-15,0.1,,,,1,SKU-708,,2
85,10.62,2,,2021-02-13,0.1,,,,22,SKU-192,,4
86,2.95,2,,2017-04-18,0,,,,2,SKU-192,,1
87,11.66,,,2020-07-24,0.1,,,,34,SKU-195,,1
88,11.66,2,,2021-05-05,0.1,,,,32,SKU-195,,1
89,1.95,1,,2017-06-09,0,39.925975,-74.135128,,29,SKU-287,8740,1
90,24.75,2,,2016-08-19,0,35.062668,-83.384755,,24,SKU-223,28763,5
91,11.66,2,,2021-05-21,0.1,,,,2,SKU-195,,1
92,6.26,2,Shopper ranted about quality,2020-02-11,0.1,,,,9,SKU-928,,1
93,17.96,2,,2017-08-09,0.1,,,,12,SKU-199,,1
94,3.16,2,,2019-02-08,0.2,,,,19,SKU-203,,1
95,2.95,,,2021-01-07,0,,,,6,SKU-296,,1
96,1.76,2,,2020-12-05,0.1,,,,1,SKU-287,,1
97,4.25,1,,2019-05-20,0,,,,15,SKU-204,,1
98,1.15,2,,2020-07-08,0,,,,34,SKU-451,,1
99,4.46,2,,2020-04-30,0.1,,,,15,SKU-223,,1
100,1.76,2,,2018-05-14,0.1,,,,22,SKU-287,,1
101,144.59,2,,2021-03-21,0.1,,,,20,SKU-601,,7
102,17.96,1,,2018-10-20,0.1,,,,33,SKU-199,,1
103,22.95,2,,2020-05-26,0,,,,22,SKU-601,,1
104,12.95,,,2021-04-22,0,,,,35,SKU-195,,1
105,11.66,2,,2018-07-29,0.1,,,,5,SKU-195,,1
106,4.95,2,,2019-03-24,0,,,,9,SKU-708,,1
107,4.76,2,,2019-09-07,0.2,,,,2,SKU-222,,1
108,5.56,2,,2021-02-11,0.2,,,,2,SKU-928,,1
109,4.25,1,,2016-08-24,0,,,,2,SKU-204,,1
110,15.8,2,,2020-08-03,0,,,,20,SKU-203,,4
111,6.95,2,,2018-12-23,0,,,,2,SKU-928,,1
112,1.95,1,,2020-11-07,0,,,,34,SKU-287,,1
113,19.95,2,,2020-09-20,0,,,,10,SKU-199,,1
114,4.46,2,,2017-08-26,0.1,43.419799,-85.759381,,26,SKU-223,49337,1
115,3.56,2,,2018-01-12,0.1,,,,9,SKU-203,,1
116,11.66,2,,2021-05-19,0.1,,,,5,SKU-195,,1
117,8.95,1,,2019-06-10,0,,,,34,SKU-900,,1
118,20.66,1,,2017-09-16,0.1,,,,13,SKU-601,,1
119,2.36,1,,2020-08-23,0.2,,,,17,SKU-192,,1
120,3.95,2,,2018-02-14,0,,,,13,SKU-203,,1
121,23.7,1,,2018-03-30,0,33.196784,-117.283089,,28,SKU-709,92056,6
122,1.98,2,,2019-01-08,0.5,,,,9,SKU-709,,1
123,17.85,2,,2019-06-15,0,,,,3,SKU-296,,3
124,13.37,1,,2019-09-13,0.1,,,,35,SKU-223,,3
125,2.48,2,,2017-07-11,0.5,,,,4,SKU-223,,1
126,1.95,2,,2020-02-22,0,,,,14,SKU-296,,1
127,3.95,2,,2020-07-20,0,,,,2,SKU-203,,1
128,8.06,2,,2020-04-04,0.1,,,,14,SKU-900,,1
129,2.98,2,,2016-06-10,0.5,,,,6,SKU-296,,1
130,11.66,2,,2018-02-09,0.1,,,,14,SKU-296,,1
131,8.95,,,2016-10-25,0,,,,9,SKU-900,,1
132,22.95,2,,2018-05-05,0,,,,6,SKU-601,,1
133,1.76,2,,2017-12-04,0.1,,,,15,SKU-287,,1
134,2.93,1,,2020-07-16,0.5,,,,15,SKU-287,,3
135,5.95,2,,2020-10-05,0,,,,16,SKU-712,,1
136,4.95,2,,2021-01-18,0,,,,34,SKU-223,,1
137,3.95,2,,2020-05-01,0,,,,9,SKU-203,,1
138,2.95,2,,2018-10-25,0,,,,17,SKU-192,,1
139,44.75,1,,2019-07-04,0,,,,9,SKU-900,,5
140,1.15,2,,2021-02-17,0,,,,35,SKU-451,,1
141,22.95,2,,2021-03-08,0,,,,13,SKU-601,,1
142,1.04,2,,2016-01-13,0.1,,,,5,SKU-451,,1
143,44.75,2,,2018-01-28,0,,,,5,SKU-900,,5
144,4.95,2,,2019-10-04,0,,,,22,SKU-223,,1
145,3.95,2,,2016-02-04,0,,,,6,SKU-203,,1
146,20.66,2,,2017-01-04,0.1,,,,18,SKU-601,,1
147,2.95,2,,2021-02-22,0,42.35836,-71.783822,,29,SKU-192,1583,1
148,19.95,2,,2017-04-17,0,,,,3,SKU-199,,1
149,6.95,1,,2019-09-29,0,33.664744,-117.1743,,28,SKU-928,92584,1
150,4.25,2,,2019-03-05,0,30.226768,-98.102947,,27,SKU-296,78620,1
151,3.95,1,,2017-03-19,0,,,,35,SKU-709,,1
152,4.25,2,,2021-05-20,0,40.490342,-90.031349,,26,SKU-296,61524,1
153,12.95,2,,2019-01-18,0,,,,12,SKU-296,,1
154,61.97,1,,2019-04-12,0.1,,,,15,SKU-601,,3
155,17.96,2,,2020-07-19,0.1,,,,33,SKU-199,,1
156,18.36,2,,2019-08-26,0.2,,,,35,SKU-601,,1
157,2.95,1,,2019-07-09,0,,,,5,SKU-192,,1
158,1.56,,,2020-12-28,0.2,,,,6,SKU-287,,1
159,8.95,1,,2017-04-03,0,30.158052,-95.681406,,27,SKU-900,77362,1
160,5.56,,,2019-02-10,0.2,40.700159,-85.277411,,26,SKU-928,46766,1
161,29.75,2,,2021-02-04,0,,,,1,SKU-204,,7
162,2.95,,,2017-03-28,0,,,,6,SKU-296,,1
163,22.95,2,,2018-03-27,0,,,,13,SKU-601,,1
164,1.04,2,,2020-12-10,0.1,,,,1,SKU-451,,1
165,3.95,2,,2020-12-19,0,,,,4,SKU-709,,1
166,6.26,2,,2021-04-14,0.1,34.261873,-118.458659,,28,SKU-928,91345,1
167,1.15,1,Customer ranted about prices,2017-04-18,0,43.566097,-70.743115,,25,SKU-451,4087,1
168,19.95,2,,2018-03-31,0,,,,2,SKU-199,,1
169,2.95,2,,2020-09-16,0,,,,34,SKU-192,,1
170,2.95,2,,2019-11-07,0,,,,34,SKU-192,,1
171,8.95,2,,2021-05-07,0,42.366906,-87.945232,,26,SKU-900,60031,1
172,4.95,2,,2019-05-04,0,,,,4,SKU-223,,1
173,1.76,2,,2018-06-20,0.1,,,,4,SKU-287,,1
174,3.95,1,,2018-05-31,0,,,,9,SKU-203,,1
175,4.95,2,Shopper was happy about service,2019-06-12,0,,,,2,SKU-223,,1
176,1.95,,,2019-03-27,0,,,,9,SKU-287,,1
177,46.62,,,2018-02-05,0.1,35.834693,-83.218743,,24,SKU-195,37722,4
178,1.15,2,,2018-01-28,0,38.742904,-87.972685,,26,SKU-451,62421,1
179,2.95,2,,2018-03-06,0,42.880942,-88.46742,,26,SKU-192,53119,1
180,1.04,2,,2018-05-17,0.1,,,,2,SKU-451,,1
181,1.95,1,,2018-03-05,0,42.205502,-71.839144,,29,SKU-287,1501,1
182,2.66,,,2016-10-01,0.1,35.079228,-84.101454,,24,SKU-192,28906,1
183,4.25,2,,2019-04-22,0,42.935883,-70.824336,,25,SKU-296,3842,1
184,58.28,2,,2018-11-06,0.1,41.094206,-73.520297,,25,SKU-195,6907,5
185,18.36,1,,2018-02-14,0.2,47.941937,-122.221846,,30,SKU-601,98203,1
186,1.95,2,,2020-12-02,0,,,,1,SKU-287,,1
187,19.95,1,,2020-04-03,0,,,,34,SKU-199,,1
188,2.95,2,,2019-06-04,0,,,,33,SKU-192,,1
189,15.3,,,2019-04-30,0.1,34.726855,-81.620235,,24,SKU-296,29379,4
190,90.65,1,,2016-08-23,0,,,,23,SKU-195,,7
191,12.95,,,2016-03-09,0,40.738224,-73.12969,,25,SKU-195,11769,1
192,3.56,2,,2016-12-27,0.1,,,,19,SKU-203,,1
193,22.95,2,,2020-03-13,0,,,,2,SKU-601,,1
194,8.95,,,2020-06-10,0,,,,34,SKU-900,,1
195,2.95,2,,2021-02-26,0,,,,15,SKU-192,,1
196,40.28,2,,2016-02-15,0.1,44.20613,-88.151716,,26,SKU-900,54123,5
197,1.15,,,2020-11-22,0,,,,33,SKU-451,,1
198,2.95,2,,2020-08-16,0,,,,34,SKU-192,,1
199,61.97,1,,2021-04-14,0.1,,,,9,SKU-601,,3
200,3.56,,,2019-02-02,0.1,,,,34,SKU-709,,1
201,3.95,2,,2018-05-28,0,32.421686,-86.274997,,24,SKU-203,36110,1
202,12.95,2,,2020-09-13,0,,,,15,SKU-296,,1
203,17.96,2,,2020-10-10,0.1,,,,21,SKU-199,,1
204,1.04,2,,2021-02-24,0.1,,,,33,SKU-451,,1
205,5.56,1,,2016-03-17,0.2,,,,6,SKU-928,,1
206,1.95,2,,2020-06-07,0,41.755553,-72.75322,,25,SKU-287,6107,1
207,8.95,2,,2019-07-04,0,,,,5,SKU-900,,1
208,6.95,2,,2018-03-09,0,,,,4,SKU-928,,1
209,3.95,1,,2017-02-12,0,,,,34,SKU-203,,1
210,1.48,1,,2019-12-28,0.5,40.849337,-75.982477,,29,SKU-192,18245,1
211,6.95,2,,2020-02-12,0,34.155936,-116.431313,,28,SKU-928,92284,1
212,1.15,2,,2020-03-17,0,,,,22,SKU-451,,1
213,6.48,2,,2016-05-29,0.5,,,,1,SKU-195,,1
214,2.95,2,,2020-12-10,0,43.538713,-71.452907,,25,SKU-101,3246,1
215,11.66,2,,2021-05-27,0.1,,,,14,SKU-296,,1
216,1.15,2,,2017-08-26,0,40.002394,-89.474938,,26,SKU-451,62634,1
217,2.66,,,2019-03-22,0.1,33.645104,-84.327571,,24,SKU-101,30027,1
218,4.25,2,,2019-12-22,0,,,,2,SKU-204,,1
219,11.85,2,,2021-04-11,0,,,,33,SKU-709,,3
220,4.25,1,,2017-03-13,0,33.160513,-117.097808,,28,SKU-296,92026,1
221,53.7,1,,2021-02-13,0,,,,1,SKU-900,,6
222,3.95,2,,2016-11-26,0,,,,35,SKU-203,,1
223,26.85,2,,2021-01-09,0,,,,1,SKU-900,,3
224,17.96,2,,2020-12-03,0.1,,,,6,SKU-199,,1
225,2.36,,,2017-05-05,0.2,,,,35,SKU-192,,1
226,1.95,2,,2017-07-25,0,,,,22,SKU-296,,1
227,4.46,1,,2017-12-03,0.1,41.915296,-72.09366,,29,SKU-708,6282,1
228,3.56,2,,2020-04-07,0.1,,,,12,SKU-203,,1
229,1.15,1,,2019-10-28,0,,,,1,SKU-451,,1
230,24.75,2,,2021-05-10,0,,,,14,SKU-223,,5
231,62.65,2,,2019-05-31,0,,,,34,SKU-900,,7
232,2.66,2,,2021-04-01,0.1,,,,33,SKU-192,,1
233,19.95,,,2017-11-17,0,,,,34,SKU-199,,1
234,4.48,2,,2020-02-09,0.5,,,,14,SKU-900,,1
235,1.48,2,,2018-02-22,0.5,,,,15,SKU-192,,1
236,19.95,2,,2021-05-08,0,,,,15,SKU-199,,1
237,8.06,2,,2019-08-28,0.1,,,,6,SKU-900,,1
238,1.76,2,,2018-03-11,0.1,,,,20,SKU-287,,1
239,8.06,2,,2019-07-02,0.1,,,,18,SKU-900,,1
240,14.75,1,,2020-09-29,0,41.161494,-86.029918,,26,SKU-192,46539,5
241,71.6,1,,2019-01-07,0,,,,2,SKU-900,,8
242,8.95,2,,2021-04-01,0,,,,20,SKU-900,,1
243,4.46,2,,2019-03-04,0.1,,,,12,SKU-223,,1
244,2.13,2,,2021-04-27,0.5,,,,10,SKU-204,,1
245,3.56,2,,2019-01-03,0.1,,,,21,SKU-203,,1
246,4.95,2,,2017-03-20,0,,,,1,SKU-223,,1
247,4.25,2,,2017-11-12,0,,,,8,SKU-204,,1
248,7.16,1,,2019-05-18,0.2,,,,34,SKU-900,,1
249,26.85,2,,2017-11-17,0,,,,5,SKU-900,,3
250,3.16,2,,2016-05-09,0.2,41.816279,-74.072219,,29,SKU-203,12486,1
251,7.16,2,,2019-10-20,0.2,,,,5,SKU-900,,1
252,22.95,2,,2019-12-26,0,32.380796,-96.837398,,27,SKU-601,75165,1
253,19.95,2,,2018-10-19,0,,,,33,SKU-199,,1
254,6.95,1,,2019-02-25,0,,,,2,SKU-928,,1
255,3.95,2,,2019-11-08,0,,,,1,SKU-203,,1
256,2.48,2,,2016-04-02,0.5,,,,2,SKU-708,,1
257,5.36,,,2019-08-08,0.1,,,,9,SKU-712,,1
258,7.8,2,,2018-03-26,0,,,,5,SKU-287,,4
259,20.66,2,,2020-05-06,0.1,,,,34,SKU-601,,1
260,27.65,2,,2020-03-07,0,,,,14,SKU-203,,7
261,4.95,2,,2019-09-08,0,,,,14,SKU-223,,1
262,22.95,2,,2020-12-05,0,,,,21,SKU-601,,1
263,6.26,2,,2019-11-07,0.1,,,,2,SKU-928,,1
264,2.66,2,,2019-02-27,0.1,34.237969,-116.06041,,28,SKU-192,92278,1
265,14.75,1,,2017-09-07,0,,,,5,SKU-296,,5
266,3.56,2,,2016-08-17,0.1,,,,15,SKU-203,,1
267,6.95,2,,2017-08-19,0,,,,12,SKU-928,,1
268,61.97,,,2018-12-14,0.1,38.555528,-75.096518,,29,SKU-601,19970,3
269,7.16,2,,2018-05-02,0.2,,,,6,SKU-900,,1
270,1.15,2,,2019-04-29,0,,,,21,SKU-451,,1
271,19.95,2,,2016-03-31,0,42.417098,-71.162517,,25,SKU-199,2174,1
272,1.95,1,,2021-02-14,0,,,,8,SKU-287,,1
273,5.56,2,,2020-10-19,0.2,,,,1,SKU-928,,1
274,6.95,,,2020-08-07,0,,,,12,SKU-928,,1
275,8.95,2,,2020-08-27,0,,,,5,SKU-900,,1
276,8.06,2,,2018-02-27,0.1,,,,35,SKU-900,,1
277,4.25,1,,2019-05-31,0,,,,5,SKU-204,,1
278,1.95,2,,2021-02-12,0,,,,12,SKU-296,,1
279,1.15,2,,2019-07-12,0,33.769883,-84.295044,,24,SKU-451,30030,1
280,1.04,2,,2017-04-16,0.1,41.350718,-72.106245,,29,SKU-451,6320,1
281,1.95,2,,2020-11-22,0,41.777802,-74.935384,,29,SKU-287,12750,1
282,4.95,2,,2019-07-27,0,33.39576,-84.712062,,24,SKU-223,30265,1
283,4.48,1,,2020-06-30,0.5,,,,6,SKU-900,,1
284,8.95,1,,2020-05-07,0,,,,20,SKU-900,,1
285,8.06,2,,2019-08-20,0.1,,,,34,SKU-900,,1
286,6.95,2,,2017-03-27,0,,,,12,SKU-928,,1
287,45.9,2,,2021-02-27,0,,,,3,SKU-601,,2
288,6.95,2,,2020-10-01,0,40.570935,-74.246643,,29,SKU-928,7064,1
289,32.22,2,,2016-12-09,0.1,,,,6,SKU-900,,4
290,4.46,2,,2019-11-10,0.1,,,,32,SKU-223,,1
291,3.95,2,,2017-12-30,0,30.579992,-93.254806,,27,SKU-203,70652,1
292,2.95,2,,2017-01-12,0,41.721327,-90.55344,,26,SKU-192,52756,1
293,2.95,2,,2018-06-12,0,,,,12,SKU-192,,1
294,12.95,,,2020-01-31,0,,,,9,SKU-296,,1
295,12.95,2,,2020-01-09,0,,,,6,SKU-195,,1
296,20.66,2,,2020-05-18,0.1,42.453818,-74.034721,,29,SKU-601,12007,1
297,3.56,2,,2017-10-30,0.1,,,,34,SKU-203,,1
298,8.5,2,,2019-11-07,0,,,,1,SKU-204,,2
299,22.95,2,,2016-11-30,0,,,,2,SKU-601,,1
300,2.66,2,,2017-01-16,0.1,31.478279,-82.216995,,24,SKU-192,31551,1
301,2.95,1,,2016-01-19,0,,,,1,SKU-296,,1
302,1.15,2,,2017-04-10,0,,,,6,SKU-451,,1
303,3.16,2,,2018-11-26,0.2,,,,2,SKU-709,,1
304,1.95,2,,2018-11-02,0,,,,21,SKU-287,,1
305,4.46,2,,2021-04-22,0.1,,,,34,SKU-223,,1
306,4.25,,,2016-01-31,0,,,,34,SKU-204,,1
307,22.95,2,,2016-06-16,0,,,,1,SKU-601,,1
308,2.95,2,,2016-03-03,0,,,,32,SKU-192,,1
309,1.95,2,,2020-08-19,0,,,,3,SKU-287,,1
310,1.76,2,,2018-08-03,0.1,,,,2,SKU-287,,1
311,1.76,2,,2020-08-31,0.1,,,,13,SKU-287,,1
312,2.95,2,,2018-05-16,0,40.750089,-73.035213,,29,SKU-192,11715,1
313,7.02,2,,2019-02-13,0.1,42.486876,-71.518229,,29,SKU-287,1719,4
314,4.25,2,,2017-04-30,0,,,,2,SKU-204,,1
315,22.95,2,,2020-02-18,0,,,,9,SKU-601,,1
316,25.02,2,,2017-06-17,0.1,29.990616,-97.408058,,27,SKU-928,78662,4
317,6.95,2,,2018-03-15,0,33.478921,-82.735575,,24,SKU-928,30821,1
318,3.4,1,,2016-03-12,0.2,,,,12,SKU-204,,1
319,99.75,2,,2017-07-05,0,,,,23,SKU-199,,5
320,1.95,2,,2020-07-07,0,38.071369,-75.555038,,29,SKU-287,21851,1
321,64.75,,,2021-05-20,0,34.166906,-118.155119,,28,SKU-195,91103,5
322,8.95,,,2020-04-25,0,41.575435,-73.031805,,29,SKU-900,6704,1
323,25.9,2,,2021-01-15,0,,,,5,SKU-195,,2
324,20.66,2,,2018-09-08,0.1,39.884326,-86.542857,,26,SKU-601,46149,1
325,8.95,2,,2018-08-04,0,,,,19,SKU-900,,1
326,20.66,1,,2017-12-09,0.1,47.20863,-123.072862,,30,SKU-601,98584,1
327,4.46,2,,2018-12-22,0.1,,,,1,SKU-223,,1
328,38.85,2,,2018-07-14,0,,,,6,SKU-195,,3
329,4.46,2,,2017-07-05,0.1,34.002982,-118.286284,,28,SKU-223,90037,1
330,7.16,2,,2020-06-29,0.2,41.745765,-87.60539,,26,SKU-900,60619,1
331,3.95,1,,2016-02-25,0,,,,22,SKU-709,,1
332,18.36,2,,2019-02-21,0.2,,,,34,SKU-601,,1
333,7.16,2,,2018-12-06,0.2,,,,12,SKU-900,,1
334,1.15,2,,2020-06-01,0,,,,6,SKU-451,,1
335,1.76,1,,2020-01-17,0.1,,,,1,SKU-287,,1
336,1.15,2,,2016-03-08,0,,,,35,SKU-451,,1
337,3.83,2,,2019-03-13,0.1,40.211134,-85.429115,,26,SKU-296,47304,1
338,8.06,2,,2016-07-29,0.1,,,,5,SKU-900,,1
339,2.95,2,,2020-10-27,0,,,,1,SKU-296,,1
340,1.04,2,,2020-10-10,0.1,,,,9,SKU-451,,1
341,1.95,2,,2019-03-06,0,40.929662,-72.74229,,29,SKU-287,11933,1
342,3.95,2,,2018-11-09,0,,,,22,SKU-203,,1
343,6.95,1,,2017-05-21,0,,,,2,SKU-928,,1
344,4.25,2,,2020-12-24,0,,,,16,SKU-204,,1
345,20.66,2,,2016-08-23,0.1,,,,2,SKU-601,,1
346,4.95,2,,2016-12-08,0,,,,1,SKU-223,,1
347,91.8,2,,2017-03-02,0,,,,1,SKU-601,,4
348,1.76,2,,2017-04-11,0.1,,,,7,SKU-287,,1
349,3.95,2,,2021-01-26,0,,,,21,SKU-203,,1
350,18.36,2,,2018-10-18,0.2,42.326538,-85.541959,,26,SKU-601,49004,1
351,17.96,1,,2018-06-08,0.1,,,,15,SKU-199,,1
352,68.85,2,,2018-01-20,0,,,,16,SKU-601,,3
353,20.66,2,,2018-05-30,0.1,,,,13,SKU-601,,1
354,3.96,2,,2016-07-29,0.2,,,,19,SKU-708,,1
355,8.95,2,,2016-06-25,0,,,,21,SKU-900,,1
356,2.95,2,,2016-06-22,0,,,,22,SKU-192,,1
357,0.98,2,,2018-01-17,0.5,,,,23,SKU-296,,1
358,2.95,2,,2020-10-03,0,,,,19,SKU-192,,1
359,17,2,,2021-04-21,0,,,,34,SKU-204,,4
360,2.95,2,,2020-05-10,0,28.320388,-98.116159,,27,SKU-192,78022,1
361,1.95,2,,2019-02-24,0,,,,6,SKU-287,,1
362,7.16,1,,2018-04-06,0.2,,,,34,SKU-900,,1
363,6.95,2,,2020-08-31,0,,,,34,SKU-928,,1
364,3.95,2,,2021-04-14,0,,,,17,SKU-203,,1
365,91.8,,,2018-07-25,0,40.822783,-72.644757,,29,SKU-601,11978,4
366,2.95,,,2020-01-25,0,,,,20,SKU-192,,1
367,1.48,,,2020-09-23,0.5,43.459713,-75.512707,,29,SKU-192,13489,1
368,20.66,1,Customer complained about cashier,2019-06-07,0.1,,,,6,SKU-601,,1
369,3.56,,,2017-02-01,0.1,41.453113,-71.872701,,29,SKU-709,6359,1
370,3.4,2,,2019-08-16,0.2,,,,9,SKU-204,,1
371,137.7,1,,2018-07-26,0,,,,6,SKU-601,,6
372,19.95,1,,2019-05-14,0,,,,9,SKU-199,,1
373,4.46,2,,2020-09-21,0.1,,,,4,SKU-223,,1
374,8.06,2,,2018-06-18,0.1,,,,2,SKU-900,,1
375,6.95,2,,2020-11-05,0,,,,23,SKU-928,,1
376,15.96,2,,2020-01-21,0.2,40.930916,-74.155457,,25,SKU-199,7524,1
377,3.95,2,,2020-02-01,0,,,,1,SKU-203,,1
378,1.15,2,,2019-11-22,0,41.745144,-72.160106,,29,SKU-451,6256,1
379,8.05,2,,2020-03-19,0,,,,5,SKU-451,,7
380,2.66,2,,2020-01-09,0.1,,,,6,SKU-192,,1
381,4.95,2,,2017-11-24,0,,,,3,SKU-223,,1
382,1.95,,,2018-12-20,0,,,,9,SKU-296,,1
383,165.24,2,,2020-07-27,0.1,,,,12,SKU-601,,8
384,11.66,2,,2017-02-26,0.1,,,,6,SKU-195,,1
385,1.15,2,,2017-08-08,0,,,,34,SKU-451,,1
386,4.25,2,,2018-02-04,0,,,,20,SKU-204,,1
387,7.8,2,,2016-12-08,0,41.116374,-89.22701,,26,SKU-287,61336,4
388,4.25,2,,2019-04-18,0,,,,34,SKU-204,,1
389,1.15,2,,2020-02-19,0,44.209079,-89.455896,,26,SKU-451,54966,1
390,8.95,2,,2019-07-10,0,,,,6,SKU-900,,1
391,2.95,2,,2021-03-30,0,,,,22,SKU-192,,1
392,3.95,2,,2017-08-13,0,,,,32,SKU-203,,1
393,11.66,1,,2019-08-25,0.1,,,,1,SKU-195,,1
394,3.56,2,,2019-12-27,0.1,42.695033,-75.055009,,29,SKU-203,13348,1
395,3.4,2,,2018-06-20,0.2,,,,20,SKU-204,,1
396,5.95,2,,2017-11-30,0,,,,32,SKU-712,,1
397,19.95,2,,2021-03-15,0,32.509016,-84.399906,,24,SKU-199,31058,1
398,2.95,2,,2018-11-13,0,,,,1,SKU-192,,1
399,4.25,2,,2019-02-04,0,,,,5,SKU-204,,1
400,1.95,2,,2016-07-19,0,41.769116,-72.701006,,29,SKU-287,6105,1
401,8.95,1,,2019-10-09,0,,,,12,SKU-900,,1
402,11.8,2,,2018-10-23,0,,,,1,SKU-192,,4
403,6.26,,,2017-03-21,0.1,40.096448,-76.192109,,29,SKU-928,17540,1
404,2.95,2,,2018-06-03,0,,,,12,SKU-192,,1
405,1.95,2,Customer complained about high prices,2016-02-10,0,,,,15,SKU-287,,1
406,1.95,2,,2017-01-29,0,39.930028,-87.459019,,26,SKU-287,47928,1
407,3.95,2,,2017-02-19,0,34.199257,-118.59828,,28,SKU-203,91303,1
408,1.56,2,,2016-09-04,0.2,,,,12,SKU-287,,1
409,3.95,2,,2019-06-26,0,,,,4,SKU-203,,1
410,1.48,1,,2021-05-08,0.5,,,,13,SKU-192,,1
411,39.6,2,,2017-09-23,0,,,,4,SKU-223,,8
412,2.66,2,,2018-10-24,0.1,42.361171,-73.951541,,29,SKU-192,12176,1
413,20.66,2,,2016-09-02,0.1,,,,21,SKU-601,,1
414,2.48,2,,2019-11-29,0.5,,,,14,SKU-708,,1
415,22.95,1,,2017-05-26,0,,,,12,SKU-601,,1
416,8.06,2,,2017-09-21,0.1,40.848635,-73.899907,,29,SKU-900,10457,1
417,22.95,,,2017-08-04,0,,,,33,SKU-601,,1
418,5.36,2,,2021-01-14,0.1,,,,2,SKU-222,,1
419,1.48,1,,2020-11-26,0.5,,,,15,SKU-192,,1
420,12.95,2,,2021-01-01,0,45.626171,-109.257126,,31,SKU-195,59019,1
421,3.95,2,,2020-07-24,0,,,,3,SKU-203,,1
422,4.25,1,,2018-05-22,0,,,,14,SKU-204,,1
423,2.95,2,,2020-01-19,0,,,,33,SKU-101,,1
424,44.75,2,,2016-04-06,0,,,,9,SKU-900,,5
425,11.7,1,,2017-03-18,0,,,,2,SKU-287,,6
426,4.95,2,,2017-08-27,0,41.094653,-87.771887,,26,SKU-223,60910,1
427,1.76,2,,2017-09-18,0.1,,,,9,SKU-287,,1
428,5.36,2,,2019-02-01,0.1,,,,33,SKU-712,,1
429,23.31,2,,2021-05-12,0.1,,,,9,SKU-296,,2
430,1.95,2,,2020-07-13,0,,,,6,SKU-287,,1
431,4.25,2,,2020-03-28,0,42.685885,-75.483027,,29,SKU-296,13460,1
432,6.95,2,,2020-11-06,0,,,,15,SKU-928,,1
433,7.9,2,,2017-01-19,0,,,,22,SKU-203,,2
434,1.15,2,,2021-01-14,0,33.369015,-117.228952,,28,SKU-451,92028,1
435,17.96,2,,2017-12-31,0.1,,,,34,SKU-199,,1
436,7.8,2,,2016-03-30,0,,,,10,SKU-287,,4
437,19.95,2,,2020-06-25,0,,,,15,SKU-199,,1
438,1.95,2,,2017-09-20,0,,,,16,SKU-296,,1
439,4.95,2,,2020-11-18,0,,,,34,SKU-223,,1
440,0.92,1,,2019-06-08,0.2,33.715938,-117.870346,,28,SKU-451,92707,1
441,39.9,,,2016-07-05,0,,,,6,SKU-199,,2
442,4.6,1,,2020-08-19,0,,,,9,SKU-451,,4
443,11.66,2,,2018-10-21,0.1,,,,20,SKU-296,,1
444,2.95,2,,2019-04-03,0,,,,33,SKU-192,,1
445,2.95,2,,2017-11-14,0,,,,9,SKU-192,,1
446,6.95,2,,2018-08-05,0,,,,33,SKU-928,,1
447,24.89,1,,2019-12-17,0.1,,,,15,SKU-203,,7
448,4.95,2,,2020-12-18,0,31.552452,-97.139608,,27,SKU-708,76701,1
449,8.95,2,,2017-04-07,0,43.46302,-71.229709,,25,SKU-900,3809,1
450,1.56,2,,2018-03-25,0.2,,,,1,SKU-287,,1
451,19.95,2,,2018-05-15,0,,,,4,SKU-199,,1
452,1.04,1,Customer commented on coupons,2018-07-06,0.1,42.086326,-84.992602,,26,SKU-451,49092,1
453,1.76,2,,2017-01-22,0.1,,,,20,SKU-287,,1
454,3.56,2,,2017-06-20,0.1,,,,5,SKU-203,,1
455,99.75,2,,2016-01-29,0,43.94424,-86.220437,,26,SKU-199,49405,5
456,4.95,2,,2021-04-20,0,,,,11,SKU-223,,1
457,6.95,1,,2020-05-23,0,,,,20,SKU-928,,1
458,8.95,2,,2020-10-21,0,43.844383,-88.96847,,26,SKU-900,54941,1
459,8.06,1,,2019-09-13,0.1,,,,2,SKU-900,,1
460,3.56,2,,2020-03-05,0.1,,,,19,SKU-203,,1
461,22.95,2,,2020-03-16,0,,,,2,SKU-601,,1
462,3.11,2,,2017-12-19,0.1,42.483672,-89.029791,,26,SKU-451,61080,3
463,2.36,2,,2021-02-06,0.2,,,,23,SKU-192,,1
464,15.8,,,2018-12-20,0,34.143527,-118.126647,,28,SKU-709,91106,4
465,1.95,2,,2016-01-31,0,,,,34,SKU-287,,1
466,6.26,2,,2020-12-08,0.1,,,,2,SKU-928,,1
467,22.95,2,,2021-02-05,0,,,,6,SKU-601,,1
468,22.95,2,,2017-06-16,0,40.080226,-74.065719,,29,SKU-601,8742,1
469,4.25,2,,2017-08-18,0,,,,6,SKU-204,,1
470,1.76,1,,2016-04-30,0.1,,,,7,SKU-287,,1
471,19.95,2,,2020-04-01,0,,,,12,SKU-199,,1
472,3.96,2,,2019-12-14,0.2,34.211425,-118.230529,,28,SKU-223,91020,1
473,5.36,2,,2017-03-31,0.1,41.745144,-72.160106,,29,SKU-222,6256,1
474,8.5,2,,2016-10-10,0,,,,17,SKU-204,,2
475,19.95,2,,2018-04-05,0,,,,2,SKU-199,,1
476,4.46,2,,2018-12-30,0.1,43.040299,-87.915375,,26,SKU-223,53203,1
477,3.95,2,,2018-03-27,0,,,,13,SKU-203,,1
478,2.95,1,,2017-12-06,0,,,,4,SKU-296,,1
479,13.28,,,2020-12-30,0.1,,,,14,SKU-192,,5
480,3.56,2,,2020-08-17,0.1,,,,4,SKU-203,,1
481,5.95,1,,2020-04-17,0,,,,34,SKU-712,,1
482,19.95,1,,2017-07-26,0,,,,3,SKU-199,,1
483,39.6,2,,2018-07-22,0,,,,5,SKU-708,,8
484,20.66,2,,2020-08-15,0.1,,,,9,SKU-601,,1
485,1.95,2,,2016-06-11,0,,,,3,SKU-287,,1
486,1.15,,,2018-10-09,0,,,,6,SKU-451,,1
487,17.9,1,,2017-10-16,0,32.473035,-84.979456,,24,SKU-900,31901,2
488,1.15,2,,2016-09-21,0,,,,5,SKU-451,,1
489,1.15,,,2021-01-19,0,,,,2,SKU-451,,1
490,3.56,2,,2021-02-08,0.1,,,,12,SKU-203,,1
491,5.31,1,,2016-11-22,0.1,,,,1,SKU-296,,2
492,4.95,2,,2019-10-06,0,,,,2,SKU-223,,1
493,2.95,1,,2021-02-12,0,34.117276,-117.437759,,28,SKU-192,92336,1
494,7.9,2,,2020-06-28,0,,,,22,SKU-203,,2
495,2.66,2,,2020-03-13,0.1,41.049458,-74.038362,,25,SKU-192,7645,1
496,1.95,2,,2019-10-08,0,,,,2,SKU-287,,1
497,3.83,2,,2018-08-24,0.1,,,,17,SKU-204,,1
498,89.78,2,,2021-01-19,0.1,,,,5,SKU-199,,5
499,22.95,2,,2018-10-16,0,,,,12,SKU-601,,1
500,8.95,2,,2020-09-07,0,,,,7,SKU-900,,1
501,8.06,2,,2017-04-05,0.1,44.590411,-123.272171,,30,SKU-900,97330,1
502,4.25,2,,2019-12-22,0,,,,9,SKU-204,,1
503,17.96,2,,2016-10-03,0.1,29.200776,-96.274266,,27,SKU-199,77437,1
504,8.95,2,,2020-04-07,0,,,,3,SKU-900,,1
505,4.46,1,,2016-04-28,0.1,,,,35,SKU-708,,1
506,4.95,2,,2020-06-20,0,,,,5,SKU-223,,1
507,2.95,,,2018-08-04,0,,,,2,SKU-192,,1
508,8.95,,,2018-09-02,0,,,,8,SKU-900,,1
509,8.06,2,,2017-08-16,0.1,,,,6,SKU-900,,1
510,4.25,2,,2019-07-06,0,,,,12,SKU-204,,1
511,1.95,2,,2021-01-08,0,,,,4,SKU-287,,1
512,5.95,2,,2017-11-07,0,,,,8,SKU-222,,1
513,6.26,2,,2021-05-17,0.1,,,,13,SKU-928,,1
514,4.95,2,,2016-03-15,0,,,,5,SKU-223,,1
515,4.95,1,,2017-10-12,0,,,,12,SKU-708,,1
516,15.93,2,,2016-10-03,0.1,,,,6,SKU-296,,6
517,7.16,2,,2020-02-24,0.2,,,,4,SKU-900,,1
518,2.66,2,,2021-01-15,0.1,,,,32,SKU-192,,1
519,4.25,2,,2020-01-13,0,,,,6,SKU-204,,1
520,19.95,2,,2021-02-24,0,,,,14,SKU-199,,1
521,48.65,2,,2020-05-08,0,,,,34,SKU-928,,7
522,5.95,2,,2019-08-22,0,,,,9,SKU-712,,1
523,18.59,2,,2016-04-14,0.1,,,,15,SKU-101,,7
524,3.95,2,,2017-06-19,0,40.843032,-73.279924,,29,SKU-203,11725,1
525,165.24,2,,2018-02-02,0.1,,,,20,SKU-601,,8
526,7.16,2,,2016-04-14,0.2,41.482124,-75.589884,,29,SKU-900,18452,1
527,1.04,2,,2020-01-06,0.1,,,,2,SKU-451,,1
528,1.15,2,Shopper complained about cashier,2019-04-28,0,,,,33,SKU-451,,1
529,91.8,2,,2021-03-14,0,,,,6,SKU-601,,4
530,0.98,2,,2020-05-27,0.5,,,,6,SKU-287,,1
531,3.95,2,,2020-05-30,0,,,,33,SKU-203,,1
532,11.66,2,,2017-08-23,0.1,,,,5,SKU-195,,1
533,3.95,2,,2021-02-13,0,,,,13,SKU-203,,1
534,20.66,2,,2017-12-02,0.1,,,,14,SKU-601,,1
535,1.95,2,,2021-04-03,0,,,,2,SKU-287,,1
536,11.66,2,,2020-06-12,0.1,33.943199,-117.992685,,28,SKU-195,90603,1
537,3.4,1,,2017-03-09,0.2,,,,2,SKU-204,,1
538,4.95,2,,2017-05-03,0,40.471618,-88.962466,,26,SKU-223,61704,1
539,8.06,2,,2019-04-30,0.1,,,,2,SKU-900,,1
540,1.15,2,,2018-05-22,0,43.872306,-72.36363,,25,SKU-451,5072,1
541,2.95,2,,2021-04-09,0,,,,33,SKU-101,,1
542,3.56,2,,2019-12-09,0.1,,,,1,SKU-203,,1
543,11.8,2,Shopper complained about coupons,2017-04-11,0,,,,17,SKU-192,,4
544,1.95,1,,2018-04-30,0,,,,15,SKU-287,,1
545,59.85,2,,2018-06-27,0.5,,,,1,SKU-199,,6
546,2.66,2,,2020-03-06,0.1,,,,35,SKU-192,,1
547,17.96,,,2017-07-12,0.1,,,,1,SKU-199,,1
548,7.9,2,,2019-02-13,0,,,,14,SKU-203,,2
549,4.95,2,,2018-03-17,0,,,,13,SKU-223,,1
550,4.46,2,,2018-08-11,0.1,33.710762,-117.952318,,28,SKU-708,92708,1
551,4.46,1,,2017-07-17,0.1,,,,15,SKU-223,,1
552,8.95,1,,2016-07-06,0,34.23805,-118.528634,,28,SKU-900,91330,1
553,6.26,1,,2016-01-23,0.1,47.662139,-122.698054,,30,SKU-928,98383,1
554,2.95,2,,2020-10-31,0,,,,4,SKU-192,,1
555,1.95,2,,2020-12-03,0,,,,12,SKU-287,,1
556,3.96,2,,2018-01-01,0.2,32.578289,-117.11478,,28,SKU-223,91932,1
557,3.95,2,,2019-03-25,0,42.708883,-73.20364,,25,SKU-203,1267,1
558,2.95,,,2019-10-18,0,32.765235,-95.597102,,27,SKU-192,75410,1
559,12.95,2,,2020-11-16,0,42.100769,-76.811977,,29,SKU-195,14901,1
560,1.95,1,,2019-11-03,0,,,,34,SKU-287,,1
561,7.16,1,,2020-08-14,0.2,,,,2,SKU-900,,1
562,4.46,2,,2020-03-08,0.1,,,,1,SKU-223,,1
563,2.66,2,,2018-05-23,0.1,,,,12,SKU-192,,1
564,8.95,2,,2020-01-17,0,,,,6,SKU-900,,1
565,64.75,1,,2019-03-24,0,,,,4,SKU-195,,5
566,11.7,2,,2019-12-13,0,,,,33,SKU-296,,6
567,3.83,2,,2019-03-19,0.1,31.810036,-86.622919,,24,SKU-296,36037,1
568,22.95,,,2018-11-21,0,34.120698,-118.111745,,28,SKU-601,91108,1
569,19.95,2,,2017-05-20,0,,,,4,SKU-199,,1
570,3.4,2,,2021-01-18,0.2,,,,19,SKU-204,,1
571,12.95,2,,2020-03-07,0,,,,12,SKU-296,,1
572,6.48,1,,2017-07-11,0.5,,,,13,SKU-296,,1
573,4.95,2,,2020-06-19,0,,,,14,SKU-223,,1
574,8.06,2,,2021-02-03,0.1,,,,1,SKU-900,,1
575,8.95,2,,2020-11-10,0,,,,6,SKU-900,,1
576,3.96,2,,2017-12-31,0.2,,,,34,SKU-223,,1
577,0.98,2,,2019-04-16,0.5,,,,20,SKU-287,,1
578,22.95,2,,2020-02-23,0,43.362714,-90.391378,,26,SKU-601,53581,1
579,1.04,2,,2018-10-16,0.1,32.054759,-82.147809,,24,SKU-451,30453,1
580,1.95,,,2020-04-14,0,,,,22,SKU-287,,1
581,6.95,,,2017-12-02,0,,,,35,SKU-928,,1
582,2.95,2,,2021-05-30,0,,,,12,SKU-192,,1
583,2.95,2,,2021-04-22,0,,,,6,SKU-296,,1
584,4.95,2,,2020-10-08,0,41.095722,-73.428485,,29,SKU-223,6854,1
585,53.7,2,Shopper complained about prices,2021-01-20,0,,,,4,SKU-900,,6
586,1.76,2,,2019-05-07,0.1,,,,3,SKU-287,,1
587,14.75,2,,2017-07-29,0,,,,12,SKU-192,,5
588,1.76,2,,2020-03-30,0.1,,,,6,SKU-287,,1
589,3.95,2,,2016-06-16,0,,,,6,SKU-203,,1
590,25.5,2,,2019-03-26,0,41.685753,-90.370574,,26,SKU-296,52768,6
591,11.66,2,,2018-05-29,0.1,,,,2,SKU-195,,1
592,1.76,2,,2020-11-23,0.1,32.135745,-95.375045,,27,SKU-287,75757,1
593,3.95,2,,2021-04-22,0,,,,35,SKU-203,,1
594,4.46,2,,2019-11-05,0.1,,,,12,SKU-223,,1
595,1.95,2,,2021-05-16,0,,,,14,SKU-287,,1
596,2.95,,,2016-08-29,0,42.025704,-71.098814,,29,SKU-101,2375,1
597,3.95,2,,2017-09-11,0,,,,12,SKU-203,,1
598,8.95,2,,2019-08-16,0,,,,16,SKU-900,,1
599,5.31,2,,2016-01-27,0.1,,,,18,SKU-192,,2
600,1.76,2,,2018-03-12,0.1,,,,34,SKU-287,,1
601,5.36,2,,2020-10-08,0.1,,,,6,SKU-296,,1
602,2.07,1,,2016-09-13,0.1,,,,20,SKU-451,,2
603,24.89,,,2016-12-22,0.1,,,,2,SKU-203,,7
604,2.66,1,,2019-05-18,0.1,42.409698,-72.108354,,29,SKU-101,1005,1
605,64.44,2,,2019-06-26,0.1,,,,2,SKU-900,,8
606,1.15,2,,2019-10-02,0,,,,9,SKU-451,,1
607,8.95,,,2017-07-30,0,,,,22,SKU-900,,1
608,29.7,2,,2020-02-28,0,,,,4,SKU-223,,6
609,6.95,2,,2020-07-19,0,,,,22,SKU-928,,1
610,3.95,,,2017-09-25,0,,,,6,SKU-203,,1
611,19.95,2,,2020-03-29,0,,,,15,SKU-199,,1
612,19.95,2,,2018-12-11,0,,,,4,SKU-199,,1
613,8.06,2,,2019-01-29,0.1,,,,33,SKU-900,,1
614,19.95,1,,2017-08-03,0,,,,9,SKU-199,,1
615,1.15,1,,2016-11-30,0,34.054097,-118.536874,,28,SKU-451,90272,1
616,12.95,,,2019-05-22,0,29.3676,-94.974159,,27,SKU-195,77568,1
617,11.66,1,,2020-03-23,0.1,,,,2,SKU-195,,1
618,2.95,1,,2017-08-13,0,,,,1,SKU-192,,1
619,19.95,2,,2021-04-05,0,42.48383,-89.806028,,26,SKU-199,61089,1
620,5.85,2,,2016-11-27,0,,,,34,SKU-287,,3
621,1.76,2,,2020-11-16,0.1,,,,6,SKU-287,,1
622,17.7,2,,2018-07-25,0,40.4411,-75.350667,,29,SKU-101,18951,6
623,23.7,1,,2017-12-14,0,,,,17,SKU-203,,6
624,4.95,2,,2017-08-01,0,,,,17,SKU-223,,1
625,10.36,1,,2017-05-14,0.2,,,,34,SKU-195,,1
626,15.3,1,,2020-03-06,0.1,39.799955,-88.146815,,26,SKU-296,61919,4
627,25.5,1,,2019-05-29,0,,,,2,SKU-204,,6
628,3.56,2,,2018-03-29,0.1,42.284801,-71.720503,,29,SKU-203,1545,1
629,4.25,2,,2016-03-16,0,,,,13,SKU-204,,1
630,3.11,2,,2018-06-28,0.1,42.07182,-72.675077,,25,SKU-451,1030,3
631,20.65,2,,2021-04-11,0,,,,17,SKU-192,,7
632,4.46,1,,2018-02-12,0.1,41.99083,-90.724609,,26,SKU-223,52226,1
633,22.95,2,,2020-07-16,0,40.780684,-73.781216,,29,SKU-601,11360,1
634,8.06,2,Customer ranted about cashier,2019-08-25,0.1,,,,12,SKU-900,,1
635,4.48,,,2021-01-15,0.5,42.786335,-85.135667,,26,SKU-900,48849,1
636,7.8,2,,2016-04-23,0,,,,6,SKU-287,,4
637,4.95,2,,2020-01-22,0,,,,6,SKU-223,,1
638,4.95,2,,2020-06-17,0,,,,2,SKU-708,,1
639,3.4,2,,2017-05-13,0.2,,,,1,SKU-204,,1
640,1.95,2,,2016-05-29,0,,,,6,SKU-287,,1
641,4.25,2,,2018-12-10,0,,,,2,SKU-204,,1
642,3.56,2,,2021-05-24,0.1,33.915719,-117.235066,,28,SKU-709,92553,1
643,20.66,2,,2019-02-18,0.1,,,,14,SKU-601,,1
644,19.95,2,,2018-09-27,0,41.284531,-87.419072,,26,SKU-199,46356,1
645,2.36,,,2021-02-02,0.2,40.77032,-73.651419,,29,SKU-192,11507,1
646,6.95,2,,2020-05-08,0,,,,12,SKU-928,,1
647,3.56,2,,2019-09-23,0.1,42.239484,-70.812788,,25,SKU-203,2025,1
648,11.66,2,,2019-09-30,0.1,41.743128,-87.806572,,26,SKU-195,60455,1
649,3.16,,,2019-11-10,0.2,,,,4,SKU-203,,1
650,4.25,2,,2018-06-27,0,,,,9,SKU-204,,1
651,3.56,,,2021-04-23,0.1,,,,16,SKU-203,,1
652,6.95,2,,2021-02-12,0,,,,16,SKU-928,,1
653,1.04,1,,2018-01-12,0.1,,,,2,SKU-451,,1
654,4.46,2,,2016-10-24,0.1,,,,35,SKU-223,,1
655,4.46,2,,2018-09-04,0.1,,,,21,SKU-223,,1
656,10.36,2,,2019-07-27,0.2,,,,1,SKU-195,,1
657,15.8,1,,2018-10-15,0,,,,2,SKU-203,,4
658,19.95,2,,2021-01-07,0,33.602115,-117.263953,,28,SKU-199,92595,1
659,5.56,2,,2019-05-18,0.2,33.94969,-118.246213,,28,SKU-928,90002,1
660,4.25,2,,2020-06-15,0,,,,6,SKU-204,,1
661,4.95,,,2019-10-15,0,,,,21,SKU-223,,1
662,8.06,2,,2017-08-16,0.1,,,,35,SKU-900,,1
663,1.95,1,,2017-07-16,0,,,,17,SKU-287,,1
664,20.66,2,,2017-02-04,0.1,,,,34,SKU-601,,1
665,3.56,2,,2020-10-21,0.1,34.445262,-119.802509,,28,SKU-203,93111,1
666,1.95,,,2019-01-24,0,,,,20,SKU-287,,1
667,21.25,2,,2018-11-21,0,,,,6,SKU-204,,5
668,12.95,2,,2017-03-24,0,,,,35,SKU-195,,1
669,2.95,2,,2018-02-23,0,,,,21,SKU-192,,1
670,9.75,1,,2020-06-19,0,41.105387,-75.476038,,29,SKU-287,18350,5
671,1.76,2,,2017-02-16,0.1,,,,6,SKU-296,,1
672,19.95,2,,2017-04-21,0,,,,12,SKU-199,,1
673,15.96,2,,2016-12-15,0.2,,,,1,SKU-199,,1
674,10.36,2,,2020-01-31,0.2,40.723647,-74.201538,,25,SKU-195,7108,1
675,2.95,2,,2016-05-15,0,40.874207,-74.350009,,29,SKU-101,7058,1
676,8.95,2,,2017-04-10,0,,,,23,SKU-900,,1
677,6.95,2,,2019-05-04,0,34.242233,-116.920412,,28,SKU-928,92314,1
678,4.95,2,,2016-03-13,0,,,,35,SKU-223,,1
679,1.95,2,,2020-06-02,0,,,,6,SKU-287,,1
680,3.56,2,,2020-08-06,0.1,,,,15,SKU-203,,1
681,3.95,2,,2019-03-15,0,,,,20,SKU-203,,1
682,19.95,1,,2018-07-03,0,,,,15,SKU-199,,1
683,3.95,1,,2016-07-16,0,,,,3,SKU-203,,1
684,22.95,2,,2021-01-13,0,,,,4,SKU-601,,1
685,19.95,,,2021-03-25,0,41.103905,-72.367415,,29,SKU-199,11944,1
686,53.7,1,,2016-10-06,0,40.216593,-75.256483,,29,SKU-900,19454,6
687,22.95,2,,2021-03-13,0,47.950845,-122.391588,,30,SKU-601,98236,1
688,3.56,2,,2019-08-13,0.1,,,,5,SKU-709,,1
689,26.85,2,,2016-08-08,0,,,,12,SKU-900,,3
690,9.98,2,,2019-04-04,0.5,,,,9,SKU-199,,1
691,0.98,1,,2016-07-10,0.5,,,,6,SKU-287,,1
692,6.95,2,,2019-03-22,0,30.087057,-94.125412,,27,SKU-928,77702,1
693,1.76,2,,2021-05-26,0.1,,,,20,SKU-287,,1
694,22.95,1,,2018-05-05,0,42.281001,-87.949955,,26,SKU-601,60048,1
695,8.95,2,,2020-05-16,0,,,,2,SKU-900,,1
696,9.98,2,,2019-07-14,0.5,,,,20,SKU-199,,1
697,5.95,2,,2020-02-20,0,,,,13,SKU-712,,1
698,0.92,2,,2016-09-02,0.2,,,,12,SKU-451,,1
699,8.95,2,,2019-10-17,0,,,,20,SKU-900,,1
700,20.66,2,,2019-06-30,0.1,,,,4,SKU-601,,1
701,4.48,2,,2017-09-04,0.5,,,,9,SKU-900,,1
702,8.06,2,,2021-01-26,0.1,,,,6,SKU-900,,1
703,3.95,2,,2018-03-09,0,43.101686,-75.453259,,29,SKU-709,13490,1
704,22.95,2,,2019-06-29,0,,,,21,SKU-601,,1
705,5.36,,,2017-09-10,0.1,38.186794,-75.404987,,29,SKU-712,21863,1
706,11.66,1,,2020-07-14,0.1,,,,4,SKU-195,,1
707,4.95,,,2018-09-11,0,,,,34,SKU-708,,1
708,4.95,2,,2021-04-25,0,,,,6,SKU-223,,1
709,4.76,2,,2019-08-18,0.2,,,,15,SKU-222,,1
710,19.95,2,,2018-12-20,0,,,,2,SKU-199,,1
711,1.95,2,,2020-10-23,0,41.714055,-74.7218,,29,SKU-287,12742,1
712,3.56,2,,2019-09-13,0.1,31.071004,-97.389781,,27,SKU-709,76502,1
713,62.65,2,,2018-04-07,0,,,,4,SKU-900,,7
714,19.95,1,,2019-12-02,0,,,,34,SKU-199,,1
715,1.56,2,,2016-08-16,0.2,,,,10,SKU-296,,1
716,19.95,2,,2017-05-06,0,,,,1,SKU-199,,1
717,4.46,1,,2020-03-12,0.1,,,,10,SKU-223,,1
718,8.95,2,,2018-09-08,0,,,,3,SKU-900,,1
719,4.25,2,,2017-03-05,0,,,,4,SKU-204,,1
720,4.25,2,,2020-03-24,0,,,,1,SKU-204,,1
721,3.95,2,,2017-06-09,0,,,,1,SKU-203,,1
722,3.95,2,,2019-02-14,0,42.428533,-73.868029,,29,SKU-709,12087,1
723,31.6,,,2019-06-27,0,,,,9,SKU-203,,8
724,4.25,,,2017-08-19,0,,,,3,SKU-204,,1
725,6.95,1,,2016-12-30,0,,,,5,SKU-928,,1
726,12.95,2,,2016-01-28,0,,,,23,SKU-195,,1
727,4.25,2,Customer ranted about prices,2020-08-30,0,,,,6,SKU-204,,1
728,13.65,2,,2017-07-26,0,41.171546,-71.574825,,29,SKU-287,2807,7
729,31.19,2,,2020-03-12,0.1,,,,4,SKU-708,,7
730,2.95,2,Customer was happy about outrageous prices,2016-11-07,0,40.956355,-74.156897,,29,SKU-192,7506,1
731,1.76,2,,2018-02-21,0.1,,,,15,SKU-287,,1
732,19.95,2,,2021-05-12,0,,,,33,SKU-199,,1
733,2.66,2,,2019-08-05,0.1,,,,35,SKU-192,,1
734,8.06,2,,2020-02-28,0.1,,,,34,SKU-900,,1
735,1.95,2,,2016-11-23,0,42.078014,-73.260933,,29,SKU-287,1259,1
736,11.8,,,2018-08-23,0,,,,14,SKU-192,,4
737,35.8,1,,2018-12-10,0,,,,23,SKU-900,,4
738,19.95,1,,2020-01-15,0,,,,4,SKU-199,,1
739,48.33,2,,2020-06-24,0.1,,,,5,SKU-900,,6
740,40.28,2,,2021-04-24,0.1,34.090107,-118.406477,,28,SKU-900,90210,5
741,1.76,2,Shopper was happy about appearance of store,2016-11-02,0.1,,,,34,SKU-287,,1
742,1.95,2,,2020-07-03,0,,,,12,SKU-287,,1
743,5.95,1,,2020-11-17,0,41.326836,-74.122036,,29,SKU-222,10917,1
744,34.97,2,,2018-09-13,0.1,45.64183,-122.68014,,30,SKU-195,98660,3
745,5.36,2,Customer complained about ridiculous prices,2020-04-25,0.1,,,,8,SKU-222,,1
746,5.56,1,,2019-12-21,0.2,32.732892,-116.959551,,28,SKU-928,91978,1
747,1.95,2,,2017-09-21,0,,,,4,SKU-287,,1
748,1.76,1,,2016-06-23,0.1,32.050099,-93.315644,,27,SKU-287,71019,1
749,1.95,1,,2016-10-27,0,35.196629,-118.8336,,28,SKU-287,93203,1
750,19.95,,,2019-02-04,0,,,,20,SKU-199,,1
751,3.95,,,2020-09-14,0,40.819897,-85.720447,,26,SKU-709,46941,1
752,5.36,2,,2020-09-23,0.1,,,,20,SKU-222,,1
753,3.95,2,,2018-02-07,0,,,,1,SKU-709,,1
754,19.95,2,,2019-09-17,0,,,,35,SKU-199,,1
755,1.56,2,,2020-08-03,0.2,,,,1,SKU-287,,1
756,0.92,2,,2020-03-09,0.2,,,,13,SKU-451,,1
757,19.95,2,,2017-03-09,0,,,,1,SKU-199,,1
758,2.95,2,,2021-04-11,0,,,,12,SKU-192,,1
759,4.48,1,,2016-10-19,0.5,,,,2,SKU-900,,1
760,2.66,1,,2017-04-28,0.1,31.478279,-82.216995,,24,SKU-192,31551,1
761,1.95,2,,2018-08-11,0,,,,20,SKU-287,,1
762,1.76,1,,2017-12-16,0.1,33.744415,-118.239257,,28,SKU-287,90822,1
763,8.95,2,,2019-04-13,0,,,,6,SKU-900,,1
764,2.95,2,,2016-11-19,0,,,,34,SKU-192,,1
765,4.95,2,,2018-04-07,0,30.174492,-97.613443,,27,SKU-223,78617,1
766,3.56,2,,2020-04-25,0.1,,,,8,SKU-203,,1
767,139.65,2,,2020-05-03,0,34.671866,-87.314255,,24,SKU-199,35618,7
768,19.95,2,,2019-07-30,0,39.593431,-88.603767,,26,SKU-199,61951,1
769,1.76,2,,2018-06-23,0.1,,,,12,SKU-296,,1
770,14.22,2,,2017-07-17,0.1,,,,1,SKU-203,,4
771,1.15,2,,2016-09-12,0,,,,4,SKU-451,,1
772,1.76,1,,2016-01-17,0.1,,,,32,SKU-287,,1
773,1.98,1,,2016-02-29,0.5,,,,33,SKU-203,,1
774,8.06,2,,2017-03-23,0.1,,,,11,SKU-900,,1
775,3.83,1,,2017-11-24,0.1,,,,5,SKU-204,,1
776,8.06,2,,2017-11-15,0.1,40.952375,-85.00751,,26,SKU-900,46745,1
777,1.04,2,,2019-11-12,0.1,,,,34,SKU-451,,1
778,19.95,2,,2019-08-04,0,,,,33,SKU-199,,1
779,1.95,,,2018-11-04,0,,,,2,SKU-287,,1
780,19.95,2,,2017-02-01,0,,,,6,SKU-199,,1
781,6.26,2,,2020-11-15,0.1,,,,32,SKU-928,,1
782,2.95,2,,2020-10-07,0,,,,5,SKU-296,,1
783,1.15,,,2020-11-11,0,,,,13,SKU-451,,1
784,3.95,2,,2018-09-27,0,,,,20,SKU-203,,1
785,19.95,,,2019-09-25,0,41.920162,-87.753502,,26,SKU-199,60639,1
786,6.26,2,,2019-09-01,0.1,,,,6,SKU-928,,1
787,3.56,2,,2016-07-11,0.1,,,,6,SKU-203,,1
788,11.9,2,,2016-04-15,0,,,,1,SKU-222,,2
789,59.85,2,,2020-04-18,0,,,,5,SKU-199,,3
790,4.25,1,,2020-08-12,0,,,,2,SKU-204,,1
791,34,2,,2020-01-17,0,,,,22,SKU-296,,8
792,4.95,2,,2020-07-22,0,,,,1,SKU-223,,1
793,19.8,2,,2019-11-05,0.2,,,,21,SKU-223,,5
794,3.56,2,,2019-12-11,0.1,,,,12,SKU-203,,1
795,3.83,2,,2020-05-05,0.1,,,,6,SKU-204,,1
796,17.96,,,2016-07-31,0.1,,,,4,SKU-199,,1
797,1.95,1,,2018-06-30,0,33.522871,-117.705154,,28,SKU-287,92677,1
798,6.26,1,,2018-05-14,0.1,,,,32,SKU-928,,1
799,3.56,,,2020-11-07,0.1,,,,20,SKU-203,,1
800,3.95,2,,2016-02-23,0,,,,34,SKU-203,,1
801,8.06,1,,2017-03-13,0.1,,,,32,SKU-900,,1
802,20.66,,,2020-10-22,0.1,,,,20,SKU-601,,1
803,19.95,2,,2018-08-17,0,,,,34,SKU-199,,1
804,5.36,2,,2017-07-05,0.1,,,,15,SKU-712,,1
805,6.95,2,,2020-01-27,0,44.636442,-88.742999,,26,SKU-928,54929,1
806,125.69,2,,2020-06-18,0.1,,,,15,SKU-199,,7
807,1.04,2,,2016-12-27,0.1,,,,34,SKU-451,,1
808,2.95,2,,2019-07-24,0,,,,21,SKU-192,,1
809,19.95,2,,2020-06-16,0,,,,33,SKU-199,,1
810,25.9,2,,2020-12-20,0,,,,1,SKU-195,,2
811,22.95,2,,2020-01-23,0,40.872903,-73.827817,,29,SKU-601,10475,1
812,1.15,1,,2020-05-28,0,,,,1,SKU-451,,1
813,22.95,2,,2020-06-07,0,,,,6,SKU-601,,1
814,2.95,2,,2019-10-11,0,,,,1,SKU-192,,1
815,1.76,2,,2020-02-24,0.1,,,,2,SKU-287,,1
816,8.95,2,,2020-11-07,0,,,,4,SKU-900,,1
817,1.04,2,,2018-05-07,0.1,,,,5,SKU-451,,1
818,8.95,2,,2019-11-30,0,,,,35,SKU-900,,1
819,24.75,2,,2017-02-21,0,,,,12,SKU-223,,5
820,12.95,2,,2018-12-16,0,,,,4,SKU-195,,1
821,8.91,,,2020-03-31,0.1,42.464916,-90.682884,,26,SKU-223,52003,2
822,20.66,2,,2020-04-27,0.1,,,,20,SKU-601,,1
823,1.95,2,Customer complained about prices,2016-03-26,0,,,,13,SKU-287,,1
824,1.95,2,,2018-01-05,0,,,,1,SKU-287,,1
825,5.36,2,,2020-11-26,0.1,,,,17,SKU-712,,1
826,1.76,2,,2020-05-02,0.1,,,,6,SKU-287,,1
827,4.25,2,Customer ranted about coupons,2020-01-14,0,,,,3,SKU-204,,1
828,6.95,1,,2016-03-11,0,,,,35,SKU-928,,1
829,19.95,2,,2017-03-27,0,41.328608,-73.82732,,29,SKU-199,10588,1
830,10.36,2,,2019-10-23,0.2,42.74616,-73.762985,,29,SKU-195,12110,1
831,12.95,2,,2019-11-08,0,,,,9,SKU-296,,1
832,3.95,,,2016-10-31,0,28.316944,-97.276665,,27,SKU-709,78377,1
833,23.7,2,,2020-06-01,0,,,,22,SKU-203,,6
834,6.26,1,,2019-07-15,0.1,41.65158,-74.700748,,29,SKU-928,12701,1
835,3.95,2,,2020-07-16,0,,,,16,SKU-203,,1
836,12.95,1,,2018-06-23,0,,,,15,SKU-296,,1
837,19.95,2,,2019-11-09,0,,,,15,SKU-199,,1
838,2.66,2,,2018-01-02,0.1,,,,1,SKU-192,,1
839,8.06,2,,2021-05-27,0.1,,,,22,SKU-900,,1
840,10.62,2,,2020-09-15,0.1,,,,14,SKU-101,,4
841,11.48,2,,2019-06-15,0.1,,,,3,SKU-204,,3
842,4.25,1,,2018-04-21,0,47.316339,-122.270057,,30,SKU-296,98001,1
843,4.46,2,,2020-07-21,0.1,,,,14,SKU-223,,1
844,6.95,1,,2016-03-22,0,,,,34,SKU-928,,1
845,26.85,2,,2017-11-08,0,,,,33,SKU-900,,3
846,44.75,2,,2016-03-25,0,44.160393,-89.040415,,26,SKU-900,54965,5
847,31.19,2,,2020-05-03,0.1,,,,12,SKU-223,,7
848,1.15,2,,2020-10-04,0,,,,16,SKU-451,,1
849,3.56,1,,2019-03-22,0.1,40.848835,-74.161172,,29,SKU-203,7012,1
850,1.95,2,,2016-12-15,0,,,,2,SKU-287,,1
851,91.8,2,,2021-02-12,0,,,,23,SKU-601,,4
852,12.95,2,,2016-01-27,0,40.876525,-90.174663,,26,SKU-195,61436,1
853,31.33,2,,2016-03-06,0.5,,,,16,SKU-900,,7
854,1.04,2,Customer ranted about outrageous prices,2016-09-06,0.1,,,,7,SKU-451,,1
855,6.95,,,2016-11-17,0,,,,12,SKU-928,,1
856,1.95,2,,2019-02-17,0,,,,1,SKU-287,,1
857,4.95,2,,2020-06-25,0,,,,12,SKU-708,,1
858,19.75,1,,2020-07-09,0,,,,34,SKU-203,,5
859,17.96,2,,2019-11-21,0.1,,,,22,SKU-199,,1
860,17.96,2,,2018-11-25,0.1,41.344221,-89.095468,,26,SKU-199,61301,1
861,3.16,2,,2016-09-25,0.2,,,,12,SKU-203,,1
862,11.66,2,,2020-10-29,0.1,,,,4,SKU-195,,1
863,2.95,1,,2016-03-31,0,44.887167,-72.952989,,25,SKU-192,5483,1
864,1.04,1,,2016-09-07,0.1,,,,12,SKU-451,,1
865,3.96,,,2017-12-06,0.2,,,,34,SKU-223,,1
866,3.95,2,,2019-11-22,0,,,,5,SKU-203,,1
867,1.95,2,,2021-04-05,0,,,,35,SKU-287,,1
868,114.75,2,,2020-10-06,0,,,,34,SKU-601,,5
869,1.76,2,,2020-11-02,0.1,27.70608,-97.353694,,27,SKU-287,78412,1
870,11.66,2,,2017-02-02,0.1,,,,1,SKU-195,,1
871,5.85,2,,2019-02-25,0,,,,35,SKU-287,,3
872,1.95,1,,2016-02-10,0,,,,4,SKU-287,,1
873,1.15,,,2020-04-13,0,,,,20,SKU-451,,1
874,5.95,2,,2020-03-06,0,,,,2,SKU-296,,1
875,183.6,2,,2018-02-23,0,,,,34,SKU-601,,8
876,3.83,2,,2019-05-19,0.1,,,,4,SKU-204,,1
877,8.95,1,,2020-12-19,0,,,,22,SKU-900,,1
878,11.66,2,,2017-01-04,0.1,41.714069,-71.390146,,29,SKU-195,2889,1
879,18.36,2,,2017-02-22,0.2,,,,14,SKU-601,,1
880,22.95,2,,2021-05-29,0,,,,22,SKU-601,,1
881,4.25,1,,2019-07-08,0,47.446507,-122.121586,,30,SKU-296,98058,1
882,93.24,2,,2021-01-03,0.1,,,,15,SKU-296,,8
883,2.95,,,2018-01-28,0,,,,35,SKU-192,,1
884,4.46,2,,2017-01-20,0.1,42.784083,-73.909432,,29,SKU-223,12304,1
885,4.95,2,,2018-04-03,0,33.664744,-117.1743,,28,SKU-223,92584,1
886,8.95,2,,2020-07-27,0,42.809775,-73.25343,,29,SKU-900,5260,1
887,22.95,1,,2019-11-30,0,30.477165,-97.817571,,27,SKU-601,78613,1
888,4.95,2,,2020-10-08,0,41.008095,-74.211347,,29,SKU-223,7417,1
889,3.9,2,,2019-05-30,0,39.792219,-85.983826,,26,SKU-287,46229,2
890,3.95,2,,2020-12-26,0,,,,35,SKU-203,,1
891,8.95,,,2021-03-31,0,35.737677,-118.71693,,28,SKU-900,93226,1
892,3.83,2,,2016-12-05,0.1,41.506202,-87.613209,,26,SKU-296,60411,1
893,5.36,2,,2020-10-28,0.1,,,,12,SKU-712,,1
894,12.95,2,,2017-06-11,0,,,,3,SKU-195,,1
895,23.6,,,2019-07-23,0,,,,2,SKU-296,,8
896,8.06,2,,2019-10-27,0.1,,,,1,SKU-900,,1
897,3.56,2,,2020-07-26,0.1,,,,6,SKU-203,,1
898,5.36,,,2021-01-17,0.1,40.691345,-73.858514,,29,SKU-712,11421,1
899,3.56,2,,2018-05-14,0.1,42.265301,-72.873341,,29,SKU-203,1050,1
900,3.95,,,2017-11-27,0,,,,5,SKU-709,,1
901,4.25,2,,2020-08-26,0,40.594237,-74.47187,,29,SKU-296,8812,1
902,22.95,2,,2018-01-21,0,,,,1,SKU-601,,1
903,3.83,2,,2016-11-05,0.1,,,,14,SKU-204,,1
904,4.95,1,,2017-10-03,0,,,,6,SKU-223,,1
905,12.95,2,,2018-09-29,0,,,,5,SKU-195,,1
906,3.96,2,,2019-04-29,0.2,,,,34,SKU-223,,1
907,22.95,2,,2018-04-26,0,,,,13,SKU-601,,1
908,8.95,1,,2018-03-03,0,42.100587,-90.336716,,26,SKU-900,52064,1
909,44.75,1,,2020-02-25,0,,,,5,SKU-900,,5
910,3.83,2,,2016-12-22,0.1,,,,8,SKU-204,,1
911,2.66,2,,2020-09-07,0.1,,,,1,SKU-192,,1
912,10.36,,,2018-12-22,0.2,35.425776,-85.763508,,24,SKU-195,37301,1
913,1.95,2,,2021-04-25,0,40.866012,-73.527212,,25,SKU-287,11771,1
914,19.95,2,,2019-07-17,0,,,,1,SKU-199,,1
915,3.96,2,,2020-04-09,0.2,,,,2,SKU-223,,1
916,1.15,2,,2020-01-25,0,,,,15,SKU-451,,1
917,8.06,2,,2020-03-08,0.1,,,,4,SKU-900,,1
918,7.16,2,,2018-03-29,0.2,,,,6,SKU-900,,1
919,2.95,,,2019-03-07,0,42.78367,-72.960886,,25,SKU-192,5350,1
920,20.66,2,,2020-12-19,0.1,,,,16,SKU-601,,1
921,2.66,2,,2017-04-27,0.1,,,,20,SKU-101,,1
922,3.9,2,,2017-02-04,0,,,,5,SKU-287,,2
923,3.56,2,,2016-06-20,0.1,,,,14,SKU-203,,1
924,1.15,2,,2016-12-14,0,,,,2,SKU-451,,1
925,5.9,2,,2017-03-28,0,,,,2,SKU-192,,2
926,0.98,2,,2020-09-07,0.5,39.967677,-75.173467,,29,SKU-287,19130,1
927,0.98,2,,2019-01-25,0.5,,,,22,SKU-287,,1
928,12.95,2,,2017-10-08,0,,,,4,SKU-195,,1
929,1.76,,,2017-09-25,0.1,,,,6,SKU-287,,1
930,1.95,2,,2020-03-05,0,,,,9,SKU-287,,1
931,23.7,,,2017-07-10,0,,,,2,SKU-203,,6
932,1.95,2,,2017-06-28,0,,,,23,SKU-287,,1
933,8.95,2,,2018-02-09,0,,,,9,SKU-900,,1
934,1.04,1,,2018-08-11,0.1,,,,12,SKU-451,,1
935,5.36,1,,2016-01-30,0.1,40.907863,-73.837961,,25,SKU-222,10550,1
936,8.95,2,,2018-05-30,0,,,,34,SKU-900,,1
937,14.85,2,,2019-07-22,0,40.204312,-74.177864,,29,SKU-223,7727,3
938,11.66,2,,2020-03-22,0.1,,,,22,SKU-195,,1
939,3.4,2,,2020-07-17,0.2,,,,1,SKU-204,,1
940,5.95,2,,2018-10-04,0,,,,2,SKU-296,,1
941,0.92,2,,2016-01-26,0.2,,,,35,SKU-451,,1
942,8.95,1,,2019-09-27,0,,,,34,SKU-900,,1
943,3.83,,,2019-08-28,0.1,45.595747,-123.233967,,30,SKU-296,97117,1
944,6.24,2,,2019-12-15,0.2,,,,22,SKU-287,,4
945,1.95,2,,2019-07-30,0,34.279202,-118.699229,,28,SKU-287,93063,1
946,6.26,2,,2019-08-20,0.1,,,,4,SKU-928,,1
947,2.95,2,,2017-12-06,0,41.808308,-74.235336,,25,SKU-192,12404,1
948,20.66,2,,2018-04-23,0.1,,,,5,SKU-601,,1
949,6.95,1,Customer ranted about outrageous prices,2020-01-27,0,,,,3,SKU-928,,1
950,2.95,2,,2017-08-15,0,,,,14,SKU-101,,1
951,0.98,2,,2016-05-05,0.5,,,,1,SKU-287,,1
952,11.66,2,,2018-08-01,0.1,,,,9,SKU-296,,1
953,146.88,,,2020-12-13,0.2,,,,2,SKU-601,,8
954,4.95,2,,2017-12-16,0,,,,20,SKU-223,,1
955,2.66,1,,2017-09-11,0.1,,,,2,SKU-192,,1
956,2.95,2,,2019-06-02,0,,,,34,SKU-101,,1
957,2.36,2,,2017-03-18,0.2,,,,6,SKU-192,,1
958,4.25,2,,2016-02-09,0,,,,3,SKU-204,,1
959,6.95,,,2021-02-15,0,,,,20,SKU-928,,1
960,7.08,2,,2021-05-18,0.2,,,,21,SKU-101,,3
961,1.95,2,,2016-01-24,0,,,,18,SKU-287,,1
962,4.95,2,,2019-04-10,0,,,,2,SKU-223,,1
963,1.15,1,,2016-01-25,0,,,,2,SKU-451,,1
964,8.06,2,,2020-04-29,0.1,40.944692,-73.992139,,29,SKU-900,7628,1
965,6.95,2,,2018-08-31,0,,,,13,SKU-928,,1
966,3.96,2,,2019-04-25,0.2,,,,13,SKU-708,,1
967,4.95,2,,2019-04-05,0,,,,1,SKU-223,,1
968,1.76,2,,2016-03-31,0.1,32.391507,-82.747939,,24,SKU-287,30454,1
969,1.04,2,Customer was happy about freshness,2021-01-22,0.1,,,,20,SKU-451,,1
970,1.95,2,,2017-09-27,0,,,,2,SKU-287,,1
971,3.56,2,,2020-10-11,0.1,44.335031,-70.256147,,25,SKU-709,4266,1
972,3.95,2,,2019-01-08,0,29.56835,-98.151709,,27,SKU-203,78124,1
973,4.25,2,,2019-12-23,0,36.658257,-83.348565,,24,SKU-296,24281,1
974,19.95,,,2018-08-11,0,,,,21,SKU-199,,1
975,1.95,2,,2018-05-06,0,,,,14,SKU-287,,1
976,2.95,1,,2020-10-31,0,,,,34,SKU-192,,1
977,4.95,1,,2020-09-06,0,,,,9,SKU-223,,1
978,1.15,,,2020-07-05,0,,,,6,SKU-451,,1
979,1.15,2,,2021-04-29,0,34.359527,-84.917634,,24,SKU-451,30103,1
980,0.58,2,,2018-10-07,0.5,39.793236,-75.531076,,29,SKU-451,19803,1
981,20.65,2,,2021-04-12,0,,,,20,SKU-192,,7
982,6.26,2,,2020-06-25,0.1,,,,6,SKU-928,,1
983,8.95,2,,2017-10-23,0,,,,3,SKU-900,,1
984,5.36,2,,2019-03-02,0.1,,,,20,SKU-712,,1
985,3.16,1,,2016-04-26,0.2,42.319775,-88.447671,,26,SKU-203,60098,1
986,1.95,1,,2019-09-04,0,,,,33,SKU-287,,1
987,1.76,2,Customer complained about freshness,2017-12-14,0.1,,,,6,SKU-287,,1
988,3.95,1,,2018-04-12,0,,,,4,SKU-709,,1
989,4.95,1,,2020-02-02,0,,,,5,SKU-708,,1
990,4.95,2,,2019-11-05,0,,,,6,SKU-223,,1
991,2.95,1,,2021-05-26,0,40.878028,-74.655405,,29,SKU-101,7852,1
992,8.95,1,Customer complained about appearance of store,2020-01-03,0,,,,9,SKU-900,,1
993,3.16,2,,2020-11-11,0.2,40.884988,-73.006881,,29,SKU-709,11727,1
994,6.95,,,2016-06-09,0,33.823555,-84.321402,,24,SKU-928,30329,1
995,1.95,2,,2021-03-02,0,47.197574,-119.845922,,30,SKU-287,98848,1
996,9.98,2,,2018-08-22,0.5,,,,1,SKU-199,,1
997,19.95,2,,2020-10-07,0,40.979895,-76.622897,,29,SKU-199,17821,1
998,3.83,2,,2020-04-03,0.1,,,,6,SKU-204,,1
999,9.44,2,,2020-12-19,0.2,,,,4,SKU-192,,4
1000,3.16,,,2017-09-16,0.2,,,,2,SKU-203,,1
1001,,,,2016-01-01,,,,6,18,SKU-192,,
1002,,,,2016-01-01,,,,10.4,23,SKU-195,,
1003,,,,2016-01-01,,,,10.4,26,SKU-195,,
1004,,,,2016-01-01,,,,80,26,SKU-199,,
1005,,,,2016-01-01,,,,4.8,34,SKU-204,,
1006,,,,2016-01-01,,,,6,25,SKU-222,,
1007,,,,2016-01-01,,,,2.4,18,SKU-287,,
1008,,,,2016-01-01,,,,2.4,32,SKU-287,,
1009,,,,2016-01-01,,,,2.4,34,SKU-287,,
1010,,,,2016-01-01,,,,1,2,SKU-451,,
1011,,,,2016-01-01,,,,1,5,SKU-451,,
1012,,,,2016-01-01,,,,1,35,SKU-451,,
1013,,,,2016-01-01,,,,7.2,30,SKU-928,,
1014,,,,2016-02-01,,,,3.6,15,SKU-192,,
1015,,,,2016-02-01,,,,4.8,6,SKU-203,,
1016,,,,2016-02-01,,,,2.4,33,SKU-203,,
1017,,,,2016-02-01,,,,4.8,34,SKU-203,,
1018,,,,2016-02-01,,,,5.76,3,SKU-204,,
1019,,,,2016-02-01,,,,6,1,SKU-223,,
1020,,,,2016-02-01,,,,2.4,4,SKU-287,,
1021,,,,2016-02-01,,,,2.4,15,SKU-287,,
1022,,,,2016-02-01,,,,2.4,20,SKU-287,,
1023,,,,2016-02-01,,,,3.2,22,SKU-709,,
1024,,,,2016-02-01,,,,32,26,SKU-900,,
1025,,,,2016-03-01,,,,3.6,25,SKU-192,,
1026,,,,2016-03-01,,,,3.6,32,SKU-192,,
1027,,,,2016-03-01,,,,10.4,25,SKU-195,,
1028,,,,2016-03-01,,,,16,25,SKU-199,,
1029,,,,2016-03-01,,,,3.6,12,SKU-204,,
1030,,,,2016-03-01,,,,4.8,13,SKU-204,,
1031,,,,2016-03-01,,,,6,5,SKU-223,,
1032,,,,2016-03-01,,,,6,35,SKU-223,,
1033,,,,2016-03-01,,,,9.6,10,SKU-287,,
1034,,,,2016-03-01,,,,2.4,13,SKU-287,,
1035,,,,2016-03-01,,,,2.4,24,SKU-287,,
1036,,,,2016-03-01,,,,1,35,SKU-451,,
1037,,,,2016-03-01,,,,23,28,SKU-601,,
1038,,,,2016-03-01,,,,24.8,16,SKU-900,,
1039,,,,2016-03-01,,,,36,26,SKU-900,,
1040,,,,2016-03-01,,,,7.2,6,SKU-928,,
1041,,,,2016-03-01,,,,8.4,34,SKU-928,,
1042,,,,2016-03-01,,,,8.4,35,SKU-928,,
1043,,,,2016-04-01,,,,19,15,SKU-101,,
1044,,,,2016-04-01,,,,10.4,5,SKU-195,,
1045,,,,2016-04-01,,,,3.6,26,SKU-203,,
1046,,,,2016-04-01,,,,14.4,1,SKU-222,,
1047,,,,2016-04-01,,,,9.6,6,SKU-287,,
1048,,,,2016-04-01,,,,2.4,7,SKU-287,,
1049,,,,2016-04-01,,,,2,2,SKU-708,,
1050,,,,2016-04-01,,,,4,35,SKU-708,,
1051,,,,2016-04-01,,,,36,9,SKU-900,,
1052,,,,2016-04-01,,,,5.6,29,SKU-900,,
1053,,,,2016-05-01,,,,3,29,SKU-101,,
1054,,,,2016-05-01,,,,4.8,1,SKU-195,,
1055,,,,2016-05-01,,,,3.6,29,SKU-203,,
1056,,,,2016-05-01,,,,6,30,SKU-223,,
1057,,,,2016-05-01,,,,1.2,1,SKU-287,,
1058,,,,2016-05-01,,,,2.4,6,SKU-287,,
1059,,,,2016-05-01,,,,6.4,12,SKU-900,,
1060,,,,2016-06-01,,,,3.6,22,SKU-192,,
1061,,,,2016-06-01,,,,12.48,3,SKU-195,,
1062,,,,2016-06-01,,,,4.8,6,SKU-203,,
1063,,,,2016-06-01,,,,4.8,14,SKU-203,,
1064,,,,2016-06-01,,,,4.8,13,SKU-204,,
1065,,,,2016-06-01,,,,2.88,3,SKU-287,,
1066,,,,2016-06-01,,,,2.4,27,SKU-287,,
1067,,,,2016-06-01,,,,23,1,SKU-601,,
1068,,,,2016-06-01,,,,7.2,21,SKU-900,,
1069,,,,2016-06-01,,,,8.4,24,SKU-928,,
1070,,,,2016-07-01,,,,14.4,4,SKU-199,,
1071,,,,2016-07-01,,,,32,6,SKU-199,,
1072,,,,2016-07-01,,,,5.76,3,SKU-203,,
1073,,,,2016-07-01,,,,4.8,6,SKU-203,,
1074,,,,2016-07-01,,,,1.2,6,SKU-287,,
1075,,,,2016-07-01,,,,2.4,29,SKU-287,,
1076,,,,2016-07-01,,,,1,5,SKU-451,,
1077,,,,2016-07-01,,,,4,19,SKU-708,,
1078,,,,2016-07-01,,,,6.4,5,SKU-900,,
1079,,,,2016-07-01,,,,7.2,28,SKU-900,,
1080,,,,2016-08-01,,,,3,29,SKU-101,,
1081,,,,2016-08-01,,,,72.8,23,SKU-195,,
1082,,,,2016-08-01,,,,4.8,15,SKU-203,,
1083,,,,2016-08-01,,,,4.8,2,SKU-204,,
1084,,,,2016-08-01,,,,30,24,SKU-223,,
1085,,,,2016-08-01,,,,2.4,10,SKU-296,,
1086,,,,2016-08-01,,,,21,2,SKU-601,,
1087,,,,2016-08-01,,,,21.6,12,SKU-900,,
1088,,,,2016-09-01,,,,3.6,12,SKU-203,,
1089,,,,2016-09-01,,,,2.4,12,SKU-287,,
1090,,,,2016-09-01,,,,1,4,SKU-451,,
1091,,,,2016-09-01,,,,1,5,SKU-451,,
1092,,,,2016-09-01,,,,1,7,SKU-451,,
1093,,,,2016-09-01,,,,2,12,SKU-451,,
1094,,,,2016-09-01,,,,2,20,SKU-451,,
1095,,,,2016-09-01,,,,21,21,SKU-601,,
1096,,,,2016-10-01,,,,3.6,24,SKU-192,,
1097,,,,2016-10-01,,,,10.4,5,SKU-195,,
1098,,,,2016-10-01,,,,14.4,27,SKU-199,,
1099,,,,2016-10-01,,,,10.8,17,SKU-204,,
1100,,,,2016-10-01,,,,4.8,35,SKU-223,,
1101,,,,2016-10-01,,,,2.4,28,SKU-287,,
1102,,,,2016-10-01,,,,3.2,27,SKU-709,,
1103,,,,2016-10-01,,,,3.2,2,SKU-900,,
1104,,,,2016-10-01,,,,7.2,9,SKU-900,,
1105,,,,2016-10-01,,,,43.2,29,SKU-900,,
1106,,,,2016-11-01,,,,3.6,9,SKU-192,,
1107,,,,2016-11-01,,,,3.6,29,SKU-192,,
1108,,,,2016-11-01,,,,3.6,34,SKU-192,,
1109,,,,2016-11-01,,,,4.8,35,SKU-203,,
1110,,,,2016-11-01,,,,4.8,14,SKU-204,,
1111,,,,2016-11-01,,,,2.4,29,SKU-287,,
1112,,,,2016-11-01,,,,9.6,34,SKU-287,,
1113,,,,2016-11-01,,,,1,28,SKU-451,,
1114,,,,2016-11-01,,,,23,2,SKU-601,,
1115,,,,2016-11-01,,,,8.4,12,SKU-928,,
1116,,,,2016-12-01,,,,12.8,1,SKU-199,,
1117,,,,2016-12-01,,,,30,2,SKU-203,,
1118,,,,2016-12-01,,,,4.8,19,SKU-203,,
1119,,,,2016-12-01,,,,3.84,8,SKU-204,,
1120,,,,2016-12-01,,,,6,1,SKU-223,,
1121,,,,2016-12-01,,,,2.4,2,SKU-287,,
1122,,,,2016-12-01,,,,9.6,26,SKU-287,,
1123,,,,2016-12-01,,,,1,2,SKU-451,,
1124,,,,2016-12-01,,,,1,34,SKU-451,,
1125,,,,2016-12-01,,,,25.6,6,SKU-900,,
1126,,,,2016-12-01,,,,8.4,5,SKU-928,,
1127,,,,2017-01-01,,,,3.6,24,SKU-192,,
1128,,,,2017-01-01,,,,3.6,26,SKU-192,,
1129,,,,2017-01-01,,,,9.6,29,SKU-195,,
1130,,,,2017-01-01,,,,9.6,22,SKU-203,,
1131,,,,2017-01-01,,,,4.8,29,SKU-223,,
1132,,,,2017-01-01,,,,2.4,20,SKU-287,,
1133,,,,2017-01-01,,,,2.4,26,SKU-287,,
1134,,,,2017-01-01,,,,1,6,SKU-451,,
1135,,,,2017-01-01,,,,21,18,SKU-601,,
1136,,,,2017-02-01,,,,9.6,1,SKU-195,,
1137,,,,2017-02-01,,,,9.6,6,SKU-195,,
1138,,,,2017-02-01,,,,16,6,SKU-199,,
1139,,,,2017-02-01,,,,4.8,28,SKU-203,,
1140,,,,2017-02-01,,,,4.8,34,SKU-203,,
1141,,,,2017-02-01,,,,30,12,SKU-223,,
1142,,,,2017-02-01,,,,4.8,5,SKU-287,,
1143,,,,2017-02-01,,,,2.4,6,SKU-296,,
1144,,,,2017-02-01,,,,18,14,SKU-601,,
1145,,,,2017-02-01,,,,21,34,SKU-601,,
1146,,,,2017-02-01,,,,4,29,SKU-708,,
1147,,,,2017-02-01,,,,3.2,29,SKU-709,,
1148,,,,2017-03-01,,,,7.2,2,SKU-192,,
1149,,,,2017-03-01,,,,2.4,6,SKU-192,,
1150,,,,2017-03-01,,,,10.4,35,SKU-195,,
1151,,,,2017-03-01,,,,16,1,SKU-199,,
1152,,,,2017-03-01,,,,16,29,SKU-199,,
1153,,,,2017-03-01,,,,3.6,2,SKU-204,,
1154,,,,2017-03-01,,,,4.8,4,SKU-204,,
1155,,,,2017-03-01,,,,6,29,SKU-222,,
1156,,,,2017-03-01,,,,6,1,SKU-223,,
1157,,,,2017-03-01,,,,14.4,2,SKU-287,,
1158,,,,2017-03-01,,,,92,1,SKU-601,,
1159,,,,2017-03-01,,,,3.2,35,SKU-709,,
1160,,,,2017-03-01,,,,6.4,11,SKU-900,,
1161,,,,2017-03-01,,,,6.4,32,SKU-900,,
1162,,,,2017-03-01,,,,8.4,12,SKU-928,,
1163,,,,2017-03-01,,,,7.2,29,SKU-928,,
1164,,,,2017-04-01,,,,3,20,SKU-101,,
1165,,,,2017-04-01,,,,3.6,2,SKU-192,,
1166,,,,2017-04-01,,,,14.4,17,SKU-192,,
1167,,,,2017-04-01,,,,3.6,24,SKU-192,,
1168,,,,2017-04-01,,,,19.2,3,SKU-199,,
1169,,,,2017-04-01,,,,16,12,SKU-199,,
1170,,,,2017-04-01,,,,4.8,29,SKU-203,,
1171,,,,2017-04-01,,,,4.8,2,SKU-204,,
1172,,,,2017-04-01,,,,6,27,SKU-223,,
1173,,,,2017-04-01,,,,2.4,7,SKU-287,,
1174,,,,2017-04-01,,,,1,6,SKU-451,,
1175,,,,2017-04-01,,,,1,25,SKU-451,,
1176,,,,2017-04-01,,,,1,29,SKU-451,,
1177,,,,2017-04-01,,,,7.2,23,SKU-900,,
1178,,,,2017-04-01,,,,7.2,25,SKU-900,,
1179,,,,2017-04-01,,,,7.2,27,SKU-900,,
1180,,,,2017-04-01,,,,6.4,30,SKU-900,,
1181,,,,2017-05-01,,,,2.4,35,SKU-192,,
1182,,,,2017-05-01,,,,8,34,SKU-195,,
1183,,,,2017-05-01,,,,16,1,SKU-199,,
1184,,,,2017-05-01,,,,16,4,SKU-199,,
1185,,,,2017-05-01,,,,3.6,1,SKU-204,,
1186,,,,2017-05-01,,,,6,26,SKU-223,,
1187,,,,2017-05-01,,,,23,12,SKU-601,,
1188,,,,2017-05-01,,,,8.4,2,SKU-928,,
1189,,,,2017-06-01,,,,1,9,SKU-101,,
1190,,,,2017-06-01,,,,12.48,3,SKU-195,,
1191,,,,2017-06-01,,,,14.4,6,SKU-199,,
1192,,,,2017-06-01,,,,4.8,1,SKU-203,,
1193,,,,2017-06-01,,,,4.8,5,SKU-203,,
1194,,,,2017-06-01,,,,4.8,29,SKU-203,,
1195,,,,2017-06-01,,,,2.4,23,SKU-287,,
1196,,,,2017-06-01,,,,2.4,29,SKU-287,,
1197,,,,2017-06-01,,,,23,29,SKU-601,,
1198,,,,2017-06-01,,,,30,27,SKU-928,,
1199,,,,2017-07-01,,,,18,12,SKU-192,,
1200,,,,2017-07-01,,,,14.4,1,SKU-199,,
1201,,,,2017-07-01,,,,19.2,3,SKU-199,,
1202,,,,2017-07-01,,,,80,23,SKU-199,,
1203,,,,2017-07-01,,,,16.8,1,SKU-203,,
1204,,,,2017-07-01,,,,28.8,2,SKU-203,,
1205,,,,2017-07-01,,,,2.4,4,SKU-223,,
1206,,,,2017-07-01,,,,4.8,15,SKU-223,,
1207,,,,2017-07-01,,,,4.8,28,SKU-223,,
1208,,,,2017-07-01,,,,2.4,17,SKU-287,,
1209,,,,2017-07-01,,,,16.8,29,SKU-287,,
1210,,,,2017-07-01,,,,2.4,22,SKU-296,,
1211,,,,2017-07-01,,,,6,15,SKU-712,,
1212,,,,2017-07-01,,,,7.2,22,SKU-900,,
1213,,,,2017-08-01,,,,3,14,SKU-101,,
1214,,,,2017-08-01,,,,3.6,1,SKU-192,,
1215,,,,2017-08-01,,,,9.6,5,SKU-195,,
1216,,,,2017-08-01,,,,16,9,SKU-199,,
1217,,,,2017-08-01,,,,14.4,12,SKU-199,,
1218,,,,2017-08-01,,,,4.8,32,SKU-203,,
1219,,,,2017-08-01,,,,5.76,3,SKU-204,,
1220,,,,2017-08-01,,,,4.8,6,SKU-204,,
1221,,,,2017-08-01,,,,6,17,SKU-223,,
1222,,,,2017-08-01,,,,10.8,26,SKU-223,,
1223,,,,2017-08-01,,,,1,26,SKU-451,,
1224,,,,2017-08-01,,,,1,34,SKU-451,,
1225,,,,2017-08-01,,,,23,33,SKU-601,,
1226,,,,2017-08-01,,,,6.4,6,SKU-900,,
1227,,,,2017-08-01,,,,6.4,35,SKU-900,,
1228,,,,2017-08-01,,,,8.4,12,SKU-928,,
1229,,,,2017-09-01,,,,3.6,2,SKU-192,,
1230,,,,2017-09-01,,,,3.6,2,SKU-203,,
1231,,,,2017-09-01,,,,4.8,6,SKU-203,,
1232,,,,2017-09-01,,,,4.8,12,SKU-203,,
1233,,,,2017-09-01,,,,48,4,SKU-223,,
1234,,,,2017-09-01,,,,2.4,2,SKU-287,,
1235,,,,2017-09-01,,,,2.4,4,SKU-287,,
1236,,,,2017-09-01,,,,2.4,6,SKU-287,,
1237,,,,2017-09-01,,,,2.4,9,SKU-287,,
1238,,,,2017-09-01,,,,2.4,16,SKU-296,,
1239,,,,2017-09-01,,,,21,13,SKU-601,,
1240,,,,2017-09-01,,,,6,29,SKU-712,,
1241,,,,2017-09-01,,,,3.2,9,SKU-900,,
1242,,,,2017-09-01,,,,6.4,29,SKU-900,,
1243,,,,2017-10-01,,,,10.4,4,SKU-195,,
1244,,,,2017-10-01,,,,4.8,34,SKU-203,,
1245,,,,2017-10-01,,,,6,6,SKU-223,,
1246,,,,2017-10-01,,,,5,12,SKU-708,,
1247,,,,2017-10-01,,,,8.64,3,SKU-900,,
1248,,,,2017-10-01,,,,14.4,24,SKU-900,,
1249,,,,2017-11-01,,,,3.6,9,SKU-192,,
1250,,,,2017-11-01,,,,16,34,SKU-199,,
1251,,,,2017-11-01,,,,4.8,5,SKU-204,,
1252,,,,2017-11-01,,,,3.84,8,SKU-204,,
1253,,,,2017-11-01,,,,5.76,8,SKU-222,,
1254,,,,2017-11-01,,,,7.2,3,SKU-223,,
1255,,,,2017-11-01,,,,1,33,SKU-451,,
1256,,,,2017-11-01,,,,3.2,5,SKU-709,,
1257,,,,2017-11-01,,,,7.2,32,SKU-712,,
1258,,,,2017-11-01,,,,21.6,5,SKU-900,,
1259,,,,2017-11-01,,,,6.4,26,SKU-900,,
1260,,,,2017-11-01,,,,21.6,33,SKU-900,,
1261,,,,2017-12-01,,,,3.6,25,SKU-192,,
1262,,,,2017-12-01,,,,14.4,34,SKU-199,,
1263,,,,2017-12-01,,,,28.8,17,SKU-203,,
1264,,,,2017-12-01,,,,4.8,27,SKU-203,,
1265,,,,2017-12-01,,,,3.6,1,SKU-204,,
1266,,,,2017-12-01,,,,6,20,SKU-223,,
1267,,,,2017-12-01,,,,9.6,34,SKU-223,,
1268,,,,2017-12-01,,,,2.4,6,SKU-287,,
1269,,,,2017-12-01,,,,2.4,15,SKU-287,,
1270,,,,2017-12-01,,,,2.4,28,SKU-287,,
1271,,,,2017-12-01,,,,3,26,SKU-451,,
1272,,,,2017-12-01,,,,21,14,SKU-601,,
1273,,,,2017-12-01,,,,21,30,SKU-601,,
1274,,,,2017-12-01,,,,4,29,SKU-708,,
1275,,,,2017-12-01,,,,8.4,35,SKU-928,,
1276,,,,2018-01-01,,,,3.6,1,SKU-192,,
1277,,,,2018-01-01,,,,3.6,35,SKU-192,,
1278,,,,2018-01-01,,,,4.8,9,SKU-203,,
1279,,,,2018-01-01,,,,4.8,28,SKU-223,,
1280,,,,2018-01-01,,,,2.4,1,SKU-287,,
1281,,,,2018-01-01,,,,1.2,23,SKU-296,,
1282,,,,2018-01-01,,,,1,2,SKU-451,,
1283,,,,2018-01-01,,,,1,26,SKU-451,,
1284,,,,2018-01-01,,,,1,29,SKU-451,,
1285,,,,2018-01-01,,,,23,1,SKU-601,,
1286,,,,2018-01-01,,,,69,16,SKU-601,,
1287,,,,2018-01-01,,,,36,5,SKU-900,,
1288,,,,2018-02-01,,,,1.2,15,SKU-192,,
1289,,,,2018-02-01,,,,3.6,21,SKU-192,,
1290,,,,2018-02-01,,,,37.6,24,SKU-195,,
1291,,,,2018-02-01,,,,4.8,13,SKU-203,,
1292,,,,2018-02-01,,,,4.8,20,SKU-204,,
1293,,,,2018-02-01,,,,4.8,26,SKU-223,,
1294,,,,2018-02-01,,,,2.4,15,SKU-287,,
1295,,,,2018-02-01,,,,165,20,SKU-601,,
1296,,,,2018-02-01,,,,18,30,SKU-601,,
1297,,,,2018-02-01,,,,184,34,SKU-601,,
1298,,,,2018-02-01,,,,3.2,1,SKU-709,,
1299,,,,2018-02-01,,,,7.2,9,SKU-900,,
1300,,,,2018-02-01,,,,6.4,35,SKU-900,,
1301,,,,2018-03-01,,,,3.6,26,SKU-192,,
1302,,,,2018-03-01,,,,16,2,SKU-199,,
1303,,,,2018-03-01,,,,4.8,13,SKU-203,,
1304,,,,2018-03-01,,,,4.8,29,SKU-203,,
1305,,,,2018-03-01,,,,6,13,SKU-223,,
1306,,,,2018-03-01,,,,2.4,1,SKU-287,,
1307,,,,2018-03-01,,,,9.6,5,SKU-287,,
1308,,,,2018-03-01,,,,2.4,20,SKU-287,,
1309,,,,2018-03-01,,,,2.4,29,SKU-287,,
1310,,,,2018-03-01,,,,2.4,34,SKU-287,,
1311,,,,2018-03-01,,,,2.4,35,SKU-287,,
1312,,,,2018-03-01,,,,23,13,SKU-601,,
1313,,,,2018-03-01,,,,19.2,28,SKU-709,,
1314,,,,2018-03-01,,,,3.2,29,SKU-709,,
1315,,,,2018-03-01,,,,5.6,6,SKU-900,,
1316,,,,2018-03-01,,,,7.2,26,SKU-900,,
1317,,,,2018-03-01,,,,8.4,4,SKU-928,,
1318,,,,2018-03-01,,,,8.4,24,SKU-928,,
1319,,,,2018-04-01,,,,16,2,SKU-199,,
1320,,,,2018-04-01,,,,6,27,SKU-223,,
1321,,,,2018-04-01,,,,6,28,SKU-223,,
1322,,,,2018-04-01,,,,2.4,15,SKU-287,,
1323,,,,2018-04-01,,,,21,5,SKU-601,,
1324,,,,2018-04-01,,,,23,13,SKU-601,,
1325,,,,2018-04-01,,,,3.2,4,SKU-709,,
1326,,,,2018-04-01,,,,50.4,4,SKU-900,,
1327,,,,2018-04-01,,,,5.6,34,SKU-900,,
1328,,,,2018-05-01,,,,3.6,4,SKU-192,,
1329,,,,2018-05-01,,,,3.6,12,SKU-192,,
1330,,,,2018-05-01,,,,3.6,29,SKU-192,,
1331,,,,2018-05-01,,,,9.6,2,SKU-195,,
1332,,,,2018-05-01,,,,16,4,SKU-199,,
1333,,,,2018-05-01,,,,13.2,1,SKU-203,,
1334,,,,2018-05-01,,,,4.8,9,SKU-203,,
1335,,,,2018-05-01,,,,4.8,24,SKU-203,,
1336,,,,2018-05-01,,,,4.8,29,SKU-203,,
1337,,,,2018-05-01,,,,4.8,14,SKU-204,,
1338,,,,2018-05-01,,,,2.4,14,SKU-287,,
1339,,,,2018-05-01,,,,2.4,22,SKU-287,,
1340,,,,2018-05-01,,,,1,2,SKU-451,,
1341,,,,2018-05-01,,,,1,5,SKU-451,,
1342,,,,2018-05-01,,,,1,25,SKU-451,,
1343,,,,2018-05-01,,,,23,6,SKU-601,,
1344,,,,2018-05-01,,,,21,13,SKU-601,,
1345,,,,2018-05-01,,,,23,26,SKU-601,,
1346,,,,2018-05-01,,,,50.4,2,SKU-900,,
1347,,,,2018-05-01,,,,5.6,6,SKU-900,,
1348,,,,2018-05-01,,,,6.4,29,SKU-900,,
1349,,,,2018-05-01,,,,7.2,34,SKU-900,,
1350,,,,2018-05-01,,,,7.2,32,SKU-928,,
1351,,,,2018-06-01,,,,7.2,12,SKU-192,,
1352,,,,2018-06-01,,,,10.4,29,SKU-195,,
1353,,,,2018-06-01,,,,48,1,SKU-199,,
1354,,,,2018-06-01,,,,14.4,15,SKU-199,,
1355,,,,2018-06-01,,,,4.8,9,SKU-204,,
1356,,,,2018-06-01,,,,3.6,20,SKU-204,,
1357,,,,2018-06-01,,,,2.4,4,SKU-287,,
1358,,,,2018-06-01,,,,2.4,28,SKU-287,,
1359,,,,2018-06-01,,,,2.4,12,SKU-296,,
1360,,,,2018-06-01,,,,3,25,SKU-451,,
1361,,,,2018-06-01,,,,6.4,2,SKU-900,,
1362,,,,2018-07-01,,,,18,29,SKU-101,,
1363,,,,2018-07-01,,,,9.6,5,SKU-195,,
1364,,,,2018-07-01,,,,31.2,6,SKU-195,,
1365,,,,2018-07-01,,,,16,15,SKU-199,,
1366,,,,2018-07-01,,,,7.2,32,SKU-222,,
1367,,,,2018-07-01,,,,1,26,SKU-451,,
1368,,,,2018-07-01,,,,138,6,SKU-601,,
1369,,,,2018-07-01,,,,92,29,SKU-601,,
1370,,,,2018-07-01,,,,40,5,SKU-708,,
1371,,,,2018-08-01,,,,3.6,2,SKU-192,,
1372,,,,2018-08-01,,,,14.4,14,SKU-192,,
1373,,,,2018-08-01,,,,8,1,SKU-199,,
1374,,,,2018-08-01,,,,16,21,SKU-199,,
1375,,,,2018-08-01,,,,16,34,SKU-199,,
1376,,,,2018-08-01,,,,4.8,17,SKU-204,,
1377,,,,2018-08-01,,,,2.4,2,SKU-287,,
1378,,,,2018-08-01,,,,2.4,20,SKU-287,,
1379,,,,2018-08-01,,,,1,12,SKU-451,,
1380,,,,2018-08-01,,,,4,28,SKU-708,,
1381,,,,2018-08-01,,,,7.2,19,SKU-900,,
1382,,,,2018-08-01,,,,8.4,13,SKU-928,,
1383,,,,2018-08-01,,,,8.4,33,SKU-928,,
1384,,,,2018-09-01,,,,9.6,35,SKU-192,,
1385,,,,2018-09-01,,,,10.4,5,SKU-195,,
1386,,,,2018-09-01,,,,28,30,SKU-195,,
1387,,,,2018-09-01,,,,16,26,SKU-199,,
1388,,,,2018-09-01,,,,4.8,20,SKU-203,,
1389,,,,2018-09-01,,,,4.8,21,SKU-223,,
1390,,,,2018-09-01,,,,21,26,SKU-601,,
1391,,,,2018-09-01,,,,5,34,SKU-708,,
1392,,,,2018-09-01,,,,9.6,25,SKU-709,,
1393,,,,2018-09-01,,,,8.64,3,SKU-900,,
1394,,,,2018-09-01,,,,5.76,8,SKU-900,,
1395,,,,2018-09-01,,,,57.6,20,SKU-900,,
1396,,,,2018-10-01,,,,14.4,1,SKU-192,,
1397,,,,2018-10-01,,,,3.6,17,SKU-192,,
1398,,,,2018-10-01,,,,3.6,29,SKU-192,,
1399,,,,2018-10-01,,,,48,32,SKU-199,,
1400,,,,2018-10-01,,,,30.4,33,SKU-199,,
1401,,,,2018-10-01,,,,19.2,2,SKU-203,,
1402,,,,2018-10-01,,,,2.4,5,SKU-296,,
1403,,,,2018-10-01,,,,1,6,SKU-451,,
1404,,,,2018-10-01,,,,1,24,SKU-451,,
1405,,,,2018-10-01,,,,1,29,SKU-451,,
1406,,,,2018-10-01,,,,23,12,SKU-601,,
1407,,,,2018-10-01,,,,18,26,SKU-601,,
1408,,,,2018-11-01,,,,3.6,1,SKU-192,,
1409,,,,2018-11-01,,,,46.4,25,SKU-195,,
1410,,,,2018-11-01,,,,16,2,SKU-199,,
1411,,,,2018-11-01,,,,14.4,26,SKU-199,,
1412,,,,2018-11-01,,,,4.8,22,SKU-203,,
1413,,,,2018-11-01,,,,25.2,6,SKU-204,,
1414,,,,2018-11-01,,,,6,29,SKU-223,,
1415,,,,2018-11-01,,,,4.8,33,SKU-223,,
1416,,,,2018-11-01,,,,2.4,2,SKU-287,,
1417,,,,2018-11-01,,,,2.4,21,SKU-287,,
1418,,,,2018-11-01,,,,23,28,SKU-601,,
1419,,,,2018-11-01,,,,2.4,2,SKU-709,,
1420,,,,2018-12-01,,,,10.4,4,SKU-195,,
1421,,,,2018-12-01,,,,8,24,SKU-195,,
1422,,,,2018-12-01,,,,16,2,SKU-199,,
1423,,,,2018-12-01,,,,16,4,SKU-199,,
1424,,,,2018-12-01,,,,4.8,2,SKU-204,,
1425,,,,2018-12-01,,,,4.8,1,SKU-223,,
1426,,,,2018-12-01,,,,4.8,26,SKU-223,,
1427,,,,2018-12-01,,,,2.4,9,SKU-296,,
1428,,,,2018-12-01,,,,62,29,SKU-601,,
1429,,,,2018-12-01,,,,12.8,28,SKU-709,,
1430,,,,2018-12-01,,,,5.6,12,SKU-900,,
1431,,,,2018-12-01,,,,6.4,21,SKU-900,,
1432,,,,2018-12-01,,,,28.8,23,SKU-900,,
1433,,,,2018-12-01,,,,8.4,2,SKU-928,,
1434,,,,2019-01-01,,,,4.8,21,SKU-203,,
1435,,,,2019-01-01,,,,4.8,27,SKU-203,,
1436,,,,2019-01-01,,,,2.4,20,SKU-287,,
1437,,,,2019-01-01,,,,1.2,22,SKU-287,,
1438,,,,2019-01-01,,,,2.4,26,SKU-287,,
1439,,,,2019-01-01,,,,1.6,9,SKU-709,,
1440,,,,2019-01-01,,,,57.6,2,SKU-900,,
1441,,,,2019-01-01,,,,6.4,33,SKU-900,,
1442,,,,2019-02-01,,,,3.6,28,SKU-192,,
1443,,,,2019-02-01,,,,10.4,33,SKU-195,,
1444,,,,2019-02-01,,,,16,20,SKU-199,,
1445,,,,2019-02-01,,,,9.6,14,SKU-203,,
1446,,,,2019-02-01,,,,3.6,19,SKU-203,,
1447,,,,2019-02-01,,,,4.8,5,SKU-204,,
1448,,,,2019-02-01,,,,2.4,1,SKU-287,,
1449,,,,2019-02-01,,,,2.4,6,SKU-287,,
1450,,,,2019-02-01,,,,8.4,29,SKU-287,,
1451,,,,2019-02-01,,,,7.2,35,SKU-287,,
1452,,,,2019-02-01,,,,21,14,SKU-601,,
1453,,,,2019-02-01,,,,18,34,SKU-601,,
1454,,,,2019-02-01,,,,3.2,29,SKU-709,,
1455,,,,2019-02-01,,,,3.2,34,SKU-709,,
1456,,,,2019-02-01,,,,6,33,SKU-712,,
1457,,,,2019-02-01,,,,8.4,2,SKU-928,,
1458,,,,2019-02-01,,,,7.2,26,SKU-928,,
1459,,,,2019-03-01,,,,3,24,SKU-101,,
1460,,,,2019-03-01,,,,25.2,1,SKU-192,,
1461,,,,2019-03-01,,,,3.6,25,SKU-192,,
1462,,,,2019-03-01,,,,11.52,3,SKU-195,,
1463,,,,2019-03-01,,,,52,4,SKU-195,,
1464,,,,2019-03-01,,,,4.8,20,SKU-203,,
1465,,,,2019-03-01,,,,4.8,25,SKU-203,,
1466,,,,2019-03-01,,,,4.8,29,SKU-203,,
1467,,,,2019-03-01,,,,4.8,12,SKU-223,,
1468,,,,2019-03-01,,,,2.4,9,SKU-287,,
1469,,,,2019-03-01,,,,2.4,29,SKU-287,,
1470,,,,2019-03-01,,,,5,1,SKU-708,,
1471,,,,2019-03-01,,,,5,9,SKU-708,,
1472,,,,2019-03-01,,,,6,20,SKU-712,,
1473,,,,2019-03-01,,,,8.4,27,SKU-928,,
1474,,,,2019-04-01,,,,3.6,33,SKU-192,,
1475,,,,2019-04-01,,,,8,9,SKU-199,,
1476,,,,2019-04-01,,,,4.8,34,SKU-204,,
1477,,,,2019-04-01,,,,6,1,SKU-223,,
1478,,,,2019-04-01,,,,6,2,SKU-223,,
1479,,,,2019-04-01,,,,4.8,34,SKU-223,,
1480,,,,2019-04-01,,,,1.2,20,SKU-287,,
1481,,,,2019-04-01,,,,1,21,SKU-451,,
1482,,,,2019-04-01,,,,1,33,SKU-451,,
1483,,,,2019-04-01,,,,62,15,SKU-601,,
1484,,,,2019-04-01,,,,4,13,SKU-708,,
1485,,,,2019-04-01,,,,6.4,2,SKU-900,,
1486,,,,2019-04-01,,,,7.2,6,SKU-900,,
1487,,,,2019-04-01,,,,6.4,26,SKU-900,,
1488,,,,2019-05-01,,,,3,29,SKU-101,,
1489,,,,2019-05-01,,,,10.4,27,SKU-195,,
1490,,,,2019-05-01,,,,16,9,SKU-199,,
1491,,,,2019-05-01,,,,31.2,2,SKU-204,,
1492,,,,2019-05-01,,,,4.8,4,SKU-204,,
1493,,,,2019-05-01,,,,4.8,5,SKU-204,,
1494,,,,2019-05-01,,,,4.8,15,SKU-204,,
1495,,,,2019-05-01,,,,6,4,SKU-223,,
1496,,,,2019-05-01,,,,2.88,3,SKU-287,,
1497,,,,2019-05-01,,,,4.8,26,SKU-287,,
1498,,,,2019-05-01,,,,9,28,SKU-451,,
1499,,,,2019-05-01,,,,56,34,SKU-900,,
1500,,,,2019-05-01,,,,15.6,28,SKU-928,,
1501,,,,2019-06-01,,,,3,34,SKU-101,,
1502,,,,2019-06-01,,,,3.6,33,SKU-192,,
1503,,,,2019-06-01,,,,4.8,4,SKU-203,,
1504,,,,2019-06-01,,,,38.4,9,SKU-203,,
1505,,,,2019-06-01,,,,15.84,3,SKU-204,,
1506,,,,2019-06-01,,,,6,2,SKU-223,,
1507,,,,2019-06-01,,,,2.4,4,SKU-287,,
1508,,,,2019-06-01,,,,1,28,SKU-451,,
1509,,,,2019-06-01,,,,21,4,SKU-601,,
1510,,,,2019-06-01,,,,21,6,SKU-601,,
1511,,,,2019-06-01,,,,23,21,SKU-601,,
1512,,,,2019-06-01,,,,7.2,23,SKU-712,,
1513,,,,2019-06-01,,,,51.2,2,SKU-900,,
1514,,,,2019-06-01,,,,7.2,34,SKU-900,,
1515,,,,2019-07-01,,,,3.6,5,SKU-192,,
1516,,,,2019-07-01,,,,3.6,21,SKU-192,,
1517,,,,2019-07-01,,,,8,1,SKU-195,,
1518,,,,2019-07-01,,,,16,1,SKU-199,,
1519,,,,2019-07-01,,,,8,20,SKU-199,,
1520,,,,2019-07-01,,,,16,26,SKU-199,,
1521,,,,2019-07-01,,,,4.8,12,SKU-204,,
1522,,,,2019-07-01,,,,6,24,SKU-223,,
1523,,,,2019-07-01,,,,18,29,SKU-223,,
1524,,,,2019-07-01,,,,2.4,28,SKU-287,,
1525,,,,2019-07-01,,,,1,24,SKU-451,,
1526,,,,2019-07-01,,,,7.2,5,SKU-900,,
1527,,,,2019-07-01,,,,7.2,6,SKU-900,,
1528,,,,2019-07-01,,,,36,9,SKU-900,,
1529,,,,2019-07-01,,,,6.4,18,SKU-900,,
1530,,,,2019-07-01,,,,7.2,29,SKU-928,,
1531,,,,2019-08-01,,,,3.6,35,SKU-192,,
1532,,,,2019-08-01,,,,9.6,1,SKU-195,,
1533,,,,2019-08-01,,,,16,33,SKU-199,,
1534,,,,2019-08-01,,,,3.6,9,SKU-204,,
1535,,,,2019-08-01,,,,6,15,SKU-222,,
1536,,,,2019-08-01,,,,2.4,12,SKU-287,,
1537,,,,2019-08-01,,,,2.4,14,SKU-287,,
1538,,,,2019-08-01,,,,18,35,SKU-601,,
1539,,,,2019-08-01,,,,3.2,5,SKU-709,,
1540,,,,2019-08-01,,,,13.2,9,SKU-712,,
1541,,,,2019-08-01,,,,6.4,6,SKU-900,,
1542,,,,2019-08-01,,,,6.4,12,SKU-900,,
1543,,,,2019-08-01,,,,7.2,16,SKU-900,,
1544,,,,2019-08-01,,,,6.4,34,SKU-900,,
1545,,,,2019-08-01,,,,7.2,4,SKU-928,,
1546,,,,2019-09-01,,,,9.6,26,SKU-195,,
1547,,,,2019-09-01,,,,16,26,SKU-199,,
1548,,,,2019-09-01,,,,16,35,SKU-199,,
1549,,,,2019-09-01,,,,4.8,25,SKU-203,,
1550,,,,2019-09-01,,,,6,2,SKU-222,,
1551,,,,2019-09-01,,,,6,14,SKU-223,,
1552,,,,2019-09-01,,,,15.6,35,SKU-223,,
1553,,,,2019-09-01,,,,2.4,33,SKU-287,,
1554,,,,2019-09-01,,,,3.2,27,SKU-709,,
1555,,,,2019-09-01,,,,6.4,2,SKU-900,,
1556,,,,2019-09-01,,,,7.2,34,SKU-900,,
1557,,,,2019-09-01,,,,7.2,6,SKU-928,,
1558,,,,2019-09-01,,,,8.4,28,SKU-928,,
1559,,,,2019-10-01,,,,3.6,1,SKU-192,,
1560,,,,2019-10-01,,,,3.6,27,SKU-192,,
1561,,,,2019-10-01,,,,8,29,SKU-195,,
1562,,,,2019-10-01,,,,6,2,SKU-223,,
1563,,,,2019-10-01,,,,6,21,SKU-223,,
1564,,,,2019-10-01,,,,6,22,SKU-223,,
1565,,,,2019-10-01,,,,2.4,2,SKU-287,,
1566,,,,2019-10-01,,,,1,1,SKU-451,,
1567,,,,2019-10-01,,,,1,9,SKU-451,,
1568,,,,2019-10-01,,,,6.4,1,SKU-900,,
1569,,,,2019-10-01,,,,5.6,5,SKU-900,,
1570,,,,2019-10-01,,,,7.2,12,SKU-900,,
1571,,,,2019-10-01,,,,7.2,20,SKU-900,,
1572,,,,2019-11-01,,,,3.6,34,SKU-192,,
1573,,,,2019-11-01,,,,16,15,SKU-199,,
1574,,,,2019-11-01,,,,14.4,22,SKU-199,,
1575,,,,2019-11-01,,,,4.8,1,SKU-203,,
1576,,,,2019-11-01,,,,3.6,4,SKU-203,,
1577,,,,2019-11-01,,,,4.8,5,SKU-203,,
1578,,,,2019-11-01,,,,10.8,1,SKU-204,,
1579,,,,2019-11-01,,,,6,6,SKU-223,,
1580,,,,2019-11-01,,,,4.8,12,SKU-223,,
1581,,,,2019-11-01,,,,24,21,SKU-223,,
1582,,,,2019-11-01,,,,4.8,32,SKU-223,,
1583,,,,2019-11-01,,,,2.4,34,SKU-287,,
1584,,,,2019-11-01,,,,1,29,SKU-451,,
1585,,,,2019-11-01,,,,1,34,SKU-451,,
1586,,,,2019-11-01,,,,23,27,SKU-601,,
1587,,,,2019-11-01,,,,2,14,SKU-708,,
1588,,,,2019-11-01,,,,7.2,35,SKU-900,,
1589,,,,2019-11-01,,,,7.2,2,SKU-928,,
1590,,,,2019-12-01,,,,1.2,29,SKU-192,,
1591,,,,2019-12-01,,,,10.4,25,SKU-195,,
1592,,,,2019-12-01,,,,16,34,SKU-199,,
1593,,,,2019-12-01,,,,4.8,1,SKU-203,,
1594,,,,2019-12-01,,,,14.4,4,SKU-203,,
1595,,,,2019-12-01,,,,4.8,12,SKU-203,,
1596,,,,2019-12-01,,,,30,15,SKU-203,,
1597,,,,2019-12-01,,,,4.8,29,SKU-203,,
1598,,,,2019-12-01,,,,4.8,2,SKU-204,,
1599,,,,2019-12-01,,,,4.8,9,SKU-204,,
1600,,,,2019-12-01,,,,4.8,28,SKU-223,,
1601,,,,2019-12-01,,,,7.2,22,SKU-287,,
1602,,,,2019-12-01,,,,14.4,33,SKU-296,,
1603,,,,2019-12-01,,,,92,4,SKU-601,,
1604,,,,2019-12-01,,,,23,25,SKU-601,,
1605,,,,2019-12-01,,,,23,27,SKU-601,,
1606,,,,2019-12-01,,,,7.2,28,SKU-928,,
1607,,,,2020-01-01,,,,3,33,SKU-101,,
1608,,,,2020-01-01,,,,3.6,6,SKU-192,,
1609,,,,2020-01-01,,,,3.6,20,SKU-192,,
1610,,,,2020-01-01,,,,10.4,6,SKU-195,,
1611,,,,2020-01-01,,,,8,25,SKU-195,,
1612,,,,2020-01-01,,,,20.8,28,SKU-195,,
1613,,,,2020-01-01,,,,16,4,SKU-199,,
1614,,,,2020-01-01,,,,12.8,25,SKU-199,,
1615,,,,2020-01-01,,,,5.76,3,SKU-204,,
1616,,,,2020-01-01,,,,4.8,6,SKU-204,,
1617,,,,2020-01-01,,,,6,6,SKU-223,,
1618,,,,2020-01-01,,,,2.4,1,SKU-287,,
1619,,,,2020-01-01,,,,1,2,SKU-451,,
1620,,,,2020-01-01,,,,1,15,SKU-451,,
1621,,,,2020-01-01,,,,23,29,SKU-601,,
1622,,,,2020-01-01,,,,3.2,33,SKU-709,,
1623,,,,2020-01-01,,,,7.2,6,SKU-900,,
1624,,,,2020-01-01,,,,7.2,9,SKU-900,,
1625,,,,2020-01-01,,,,10.08,3,SKU-928,,
1626,,,,2020-01-01,,,,8.4,26,SKU-928,,
1627,,,,2020-02-01,,,,4.8,1,SKU-203,,
1628,,,,2020-02-01,,,,36,4,SKU-223,,
1629,,,,2020-02-01,,,,2.4,2,SKU-287,,
1630,,,,2020-02-01,,,,2.4,14,SKU-296,,
1631,,,,2020-02-01,,,,1,26,SKU-451,,
1632,,,,2020-02-01,,,,23,9,SKU-601,,
1633,,,,2020-02-01,,,,23,26,SKU-601,,
1634,,,,2020-02-01,,,,21,29,SKU-601,,
1635,,,,2020-02-01,,,,5,5,SKU-708,,
1636,,,,2020-02-01,,,,7.2,13,SKU-712,,
1637,,,,2020-02-01,,,,5.6,4,SKU-900,,
1638,,,,2020-02-01,,,,36,5,SKU-900,,
1639,,,,2020-02-01,,,,3.2,14,SKU-900,,
1640,,,,2020-02-01,,,,6.4,34,SKU-900,,
1641,,,,2020-02-01,,,,7.2,9,SKU-928,,
1642,,,,2020-02-01,,,,8.4,28,SKU-928,,
1643,,,,2020-03-01,,,,3.6,25,SKU-192,,
1644,,,,2020-03-01,,,,3.6,35,SKU-192,,
1645,,,,2020-03-01,,,,9.6,2,SKU-195,,
1646,,,,2020-03-01,,,,9.6,22,SKU-195,,
1647,,,,2020-03-01,,,,16,15,SKU-199,,
1648,,,,2020-03-01,,,,33.6,14,SKU-203,,
1649,,,,2020-03-01,,,,4.8,19,SKU-203,,
1650,,,,2020-03-01,,,,4.8,1,SKU-204,,
1651,,,,2020-03-01,,,,4.8,1,SKU-223,,
1652,,,,2020-03-01,,,,4.8,10,SKU-223,,
1653,,,,2020-03-01,,,,10.8,26,SKU-223,,
1654,,,,2020-03-01,,,,2.4,6,SKU-287,,
1655,,,,2020-03-01,,,,2.4,9,SKU-287,,
1656,,,,2020-03-01,,,,8,5,SKU-451,,
1657,,,,2020-03-01,,,,1,13,SKU-451,,
1658,,,,2020-03-01,,,,1,22,SKU-451,,
1659,,,,2020-03-01,,,,46,2,SKU-601,,
1660,,,,2020-03-01,,,,31,4,SKU-708,,
1661,,,,2020-03-01,,,,6.4,4,SKU-900,,
1662,,,,2020-04-01,,,,64,5,SKU-199,,
1663,,,,2020-04-01,,,,16,12,SKU-199,,
1664,,,,2020-04-01,,,,16,34,SKU-199,,
1665,,,,2020-04-01,,,,3.84,8,SKU-203,,
1666,,,,2020-04-01,,,,4.8,12,SKU-203,,
1667,,,,2020-04-01,,,,4.8,33,SKU-203,,
1668,,,,2020-04-01,,,,4.8,6,SKU-204,,
1669,,,,2020-04-01,,,,4.8,8,SKU-222,,
1670,,,,2020-04-01,,,,4.8,2,SKU-223,,
1671,,,,2020-04-01,,,,4.8,15,SKU-223,,
1672,,,,2020-04-01,,,,2.4,22,SKU-287,,
1673,,,,2020-04-01,,,,1,20,SKU-451,,
1674,,,,2020-04-01,,,,44,20,SKU-601,,
1675,,,,2020-04-01,,,,7.2,34,SKU-712,,
1676,,,,2020-04-01,,,,44.8,1,SKU-900,,
1677,,,,2020-04-01,,,,8.64,3,SKU-900,,
1678,,,,2020-04-01,,,,6.4,14,SKU-900,,
1679,,,,2020-04-01,,,,13.6,29,SKU-900,,
1680,,,,2020-05-01,,,,3.6,27,SKU-192,,
1681,,,,2020-05-01,,,,112,24,SKU-199,,
1682,,,,2020-05-01,,,,14.4,28,SKU-199,,
1683,,,,2020-05-01,,,,4.8,9,SKU-203,,
1684,,,,2020-05-01,,,,4.8,33,SKU-203,,
1685,,,,2020-05-01,,,,4.8,6,SKU-204,,
1686,,,,2020-05-01,,,,37.2,12,SKU-223,,
1687,,,,2020-05-01,,,,2.4,4,SKU-287,,
1688,,,,2020-05-01,,,,3.6,6,SKU-287,,
1689,,,,2020-05-01,,,,1,1,SKU-451,,
1690,,,,2020-05-01,,,,23,22,SKU-601,,
1691,,,,2020-05-01,,,,21,24,SKU-601,,
1692,,,,2020-05-01,,,,21,29,SKU-601,,
1693,,,,2020-05-01,,,,21,34,SKU-601,,
1694,,,,2020-05-01,,,,7.2,2,SKU-900,,
1695,,,,2020-05-01,,,,7.2,20,SKU-900,,
1696,,,,2020-05-01,,,,8.4,12,SKU-928,,
1697,,,,2020-05-01,,,,8.4,20,SKU-928,,
1698,,,,2020-05-01,,,,58.8,34,SKU-928,,
1699,,,,2020-06-01,,,,9.6,28,SKU-195,,
1700,,,,2020-06-01,,,,16,5,SKU-199,,
1701,,,,2020-06-01,,,,116.8,15,SKU-199,,
1702,,,,2020-06-01,,,,16,33,SKU-199,,
1703,,,,2020-06-01,,,,14.4,4,SKU-203,,
1704,,,,2020-06-01,,,,38.4,22,SKU-203,,
1705,,,,2020-06-01,,,,4.8,6,SKU-204,,
1706,,,,2020-06-01,,,,6,5,SKU-223,,
1707,,,,2020-06-01,,,,6,14,SKU-223,,
1708,,,,2020-06-01,,,,2.4,6,SKU-287,,
1709,,,,2020-06-01,,,,2.4,25,SKU-287,,
1710,,,,2020-06-01,,,,12,29,SKU-287,,
1711,,,,2020-06-01,,,,1,6,SKU-451,,
1712,,,,2020-06-01,,,,23,6,SKU-601,,
1713,,,,2020-06-01,,,,5,2,SKU-708,,
1714,,,,2020-06-01,,,,5,12,SKU-708,,
1715,,,,2020-06-01,,,,38.4,5,SKU-900,,
1716,,,,2020-06-01,,,,3.2,6,SKU-900,,
1717,,,,2020-06-01,,,,5.6,26,SKU-900,,
1718,,,,2020-06-01,,,,7.2,34,SKU-900,,
1719,,,,2020-06-01,,,,7.2,6,SKU-928,,
1720,,,,2020-07-01,,,,9.6,4,SKU-195,,
1721,,,,2020-07-01,,,,9.6,34,SKU-195,,
1722,,,,2020-07-01,,,,14.4,33,SKU-199,,
1723,,,,2020-07-01,,,,4.8,2,SKU-203,,
1724,,,,2020-07-01,,,,5.76,3,SKU-203,,
1725,,,,2020-07-01,,,,4.8,6,SKU-203,,
1726,,,,2020-07-01,,,,4.8,16,SKU-203,,
1727,,,,2020-07-01,,,,4.8,24,SKU-203,,
1728,,,,2020-07-01,,,,24,34,SKU-203,,
1729,,,,2020-07-01,,,,3.6,1,SKU-204,,
1730,,,,2020-07-01,,,,6,1,SKU-223,,
1731,,,,2020-07-01,,,,4.8,14,SKU-223,,
1732,,,,2020-07-01,,,,2.4,6,SKU-287,,
1733,,,,2020-07-01,,,,2.4,12,SKU-287,,
1734,,,,2020-07-01,,,,3.6,15,SKU-287,,
1735,,,,2020-07-01,,,,2.4,29,SKU-287,,
1736,,,,2020-07-01,,,,1,6,SKU-451,,
1737,,,,2020-07-01,,,,1,34,SKU-451,,
1738,,,,2020-07-01,,,,165,12,SKU-601,,
1739,,,,2020-07-01,,,,23,29,SKU-601,,
1740,,,,2020-07-01,,,,7.2,29,SKU-900,,
1741,,,,2020-07-01,,,,8.4,22,SKU-928,,
1742,,,,2020-08-01,,,,2.4,17,SKU-192,,
1743,,,,2020-08-01,,,,3.6,34,SKU-192,,
1744,,,,2020-08-01,,,,4.8,4,SKU-203,,
1745,,,,2020-08-01,,,,4.8,15,SKU-203,,
1746,,,,2020-08-01,,,,19.2,20,SKU-203,,
1747,,,,2020-08-01,,,,4.8,2,SKU-204,,
1748,,,,2020-08-01,,,,4.8,6,SKU-204,,
1749,,,,2020-08-01,,,,2.4,1,SKU-287,,
1750,,,,2020-08-01,,,,2.88,3,SKU-287,,
1751,,,,2020-08-01,,,,2.4,13,SKU-287,,
1752,,,,2020-08-01,,,,5,9,SKU-451,,
1753,,,,2020-08-01,,,,21,9,SKU-601,,
1754,,,,2020-08-01,,,,5.6,2,SKU-900,,
1755,,,,2020-08-01,,,,7.2,5,SKU-900,,
1756,,,,2020-08-01,,,,8.4,12,SKU-928,,
1757,,,,2020-08-01,,,,8.4,34,SKU-928,,
1758,,,,2020-09-01,,,,11,14,SKU-101,,
1759,,,,2020-09-01,,,,3.6,1,SKU-192,,
1760,,,,2020-09-01,,,,3.6,16,SKU-192,,
1761,,,,2020-09-01,,,,18,26,SKU-192,,
1762,,,,2020-09-01,,,,1.2,29,SKU-192,,
1763,,,,2020-09-01,,,,3.6,34,SKU-192,,
1764,,,,2020-09-01,,,,16,10,SKU-199,,
1765,,,,2020-09-01,,,,4.8,29,SKU-203,,
1766,,,,2020-09-01,,,,6,20,SKU-222,,
1767,,,,2020-09-01,,,,4.8,4,SKU-223,,
1768,,,,2020-09-01,,,,6,9,SKU-223,,
1769,,,,2020-09-01,,,,1.2,29,SKU-287,,
1770,,,,2020-09-01,,,,2.4,34,SKU-287,,
1771,,,,2020-09-01,,,,3.2,26,SKU-709,,
1772,,,,2020-09-01,,,,7.2,7,SKU-900,,
1773,,,,2020-09-01,,,,7.2,9,SKU-928,,
1774,,,,2020-10-01,,,,3.6,4,SKU-192,,
1775,,,,2020-10-01,,,,3.6,19,SKU-192,,
1776,,,,2020-10-01,,,,3.6,34,SKU-192,,
1777,,,,2020-10-01,,,,9.6,4,SKU-195,,
1778,,,,2020-10-01,,,,14.4,21,SKU-199,,
1779,,,,2020-10-01,,,,16,29,SKU-199,,
1780,,,,2020-10-01,,,,4.8,28,SKU-203,,
1781,,,,2020-10-01,,,,12,29,SKU-223,,
1782,,,,2020-10-01,,,,2.4,29,SKU-287,,
1783,,,,2020-10-01,,,,1,9,SKU-451,,
1784,,,,2020-10-01,,,,1,16,SKU-451,,
1785,,,,2020-10-01,,,,21,20,SKU-601,,
1786,,,,2020-10-01,,,,115,34,SKU-601,,
1787,,,,2020-10-01,,,,3.2,25,SKU-709,,
1788,,,,2020-10-01,,,,6,12,SKU-712,,
1789,,,,2020-10-01,,,,7.2,16,SKU-712,,
1790,,,,2020-10-01,,,,7.2,26,SKU-900,,
1791,,,,2020-10-01,,,,7.2,1,SKU-928,,
1792,,,,2020-10-01,,,,8.4,29,SKU-928,,
1793,,,,2020-11-01,,,,1.2,15,SKU-192,,
1794,,,,2020-11-01,,,,10.4,29,SKU-195,,
1795,,,,2020-11-01,,,,4.8,20,SKU-203,,
1796,,,,2020-11-01,,,,7.2,29,SKU-222,,
1797,,,,2020-11-01,,,,6,34,SKU-223,,
1798,,,,2020-11-01,,,,2.4,6,SKU-287,,
1799,,,,2020-11-01,,,,4.8,27,SKU-287,,
1800,,,,2020-11-01,,,,2.4,29,SKU-287,,
1801,,,,2020-11-01,,,,2.4,34,SKU-287,,
1802,,,,2020-11-01,,,,1,13,SKU-451,,
1803,,,,2020-11-01,,,,1,33,SKU-451,,
1804,,,,2020-11-01,,,,2.4,29,SKU-709,,
1805,,,,2020-11-01,,,,6,17,SKU-712,,
1806,,,,2020-11-01,,,,7.2,4,SKU-900,,
1807,,,,2020-11-01,,,,7.2,5,SKU-900,,
1808,,,,2020-11-01,,,,7.2,6,SKU-900,,
1809,,,,2020-11-01,,,,8.4,15,SKU-928,,
1810,,,,2020-11-01,,,,8.4,23,SKU-928,,
1811,,,,2020-11-01,,,,7.2,32,SKU-928,,
1812,,,,2020-12-01,,,,3,25,SKU-101,,
1813,,,,2020-12-01,,,,10.8,4,SKU-192,,
1814,,,,2020-12-01,,,,15.6,14,SKU-192,,
1815,,,,2020-12-01,,,,20.8,1,SKU-195,,
1816,,,,2020-12-01,,,,14.4,6,SKU-199,,
1817,,,,2020-12-01,,,,38.4,4,SKU-203,,
1818,,,,2020-12-01,,,,4.8,35,SKU-203,,
1819,,,,2020-12-01,,,,4.8,16,SKU-204,,
1820,,,,2020-12-01,,,,7.2,35,SKU-222,,
1821,,,,2020-12-01,,,,4.8,1,SKU-287,,
1822,,,,2020-12-01,,,,2.4,6,SKU-287,,
1823,,,,2020-12-01,,,,2.4,12,SKU-287,,
1824,,,,2020-12-01,,,,1,1,SKU-451,,
1825,,,,2020-12-01,,,,147,2,SKU-601,,
1826,,,,2020-12-01,,,,21,16,SKU-601,,
1827,,,,2020-12-01,,,,23,21,SKU-601,,
1828,,,,2020-12-01,,,,9,1,SKU-708,,
1829,,,,2020-12-01,,,,5,27,SKU-708,,
1830,,,,2020-12-01,,,,3.2,4,SKU-709,,
1831,,,,2020-12-01,,,,7.2,22,SKU-900,,
1832,,,,2020-12-01,,,,7.2,2,SKU-928,,
1833,,,,2021-01-01,,,,3.3,33,SKU-101,,
1834,,,,2021-01-01,,,,3.96,6,SKU-192,,
1835,,,,2021-01-01,,,,3.96,20,SKU-192,,
1836,,,,2021-01-01,,,,11.44,6,SKU-195,,
1837,,,,2021-01-01,,,,8.8,25,SKU-195,,
1838,,,,2021-01-01,,,,22.88,28,SKU-195,,
1839,,,,2021-01-01,,,,17.6,4,SKU-199,,
1840,,,,2021-01-01,,,,14.08,25,SKU-199,,
1841,,,,2021-01-01,,,,6.34,3,SKU-204,,
1842,,,,2021-01-01,,,,5.28,6,SKU-204,,
1843,,,,2021-01-01,,,,6.6,6,SKU-223,,
1844,,,,2021-01-01,,,,2.64,1,SKU-287,,
1845,,,,2021-01-01,,,,1.1,2,SKU-451,,
1846,,,,2021-01-01,,,,1.1,15,SKU-451,,
1847,,,,2021-01-01,,,,25.3,29,SKU-601,,
1848,,,,2021-01-01,,,,3.52,33,SKU-709,,
1849,,,,2021-01-01,,,,7.92,6,SKU-900,,
1850,,,,2021-01-01,,,,7.92,9,SKU-900,,
1851,,,,2021-01-01,,,,11.09,3,SKU-928,,
1852,,,,2021-01-01,,,,9.24,26,SKU-928,,
1853,,,,2021-02-01,,,,5.28,1,SKU-203,,
1854,,,,2021-02-01,,,,39.6,4,SKU-223,,
1855,,,,2021-02-01,,,,2.64,2,SKU-287,,
1856,,,,2021-02-01,,,,2.64,14,SKU-296,,
1857,,,,2021-02-01,,,,1.1,26,SKU-451,,
1858,,,,2021-02-01,,,,25.3,9,SKU-601,,
1859,,,,2021-02-01,,,,25.3,26,SKU-601,,
1860,,,,2021-02-01,,,,23.1,29,SKU-601,,
1861,,,,2021-02-01,,,,5.5,5,SKU-708,,
1862,,,,2021-02-01,,,,7.92,13,SKU-712,,
1863,,,,2021-02-01,,,,6.16,4,SKU-900,,
1864,,,,2021-02-01,,,,39.6,5,SKU-900,,
1865,,,,2021-02-01,,,,3.52,14,SKU-900,,
1866,,,,2021-02-01,,,,7.04,34,SKU-900,,
1867,,,,2021-02-01,,,,7.92,9,SKU-928,,
1868,,,,2021-02-01,,,,9.24,28,SKU-928,,
1869,,,,2021-03-01,,,,3.96,25,SKU-192,,
1870,,,,2021-03-01,,,,3.96,35,SKU-192,,
1871,,,,2021-03-01,,,,10.56,2,SKU-195,,
1872,,,,2021-03-01,,,,10.56,22,SKU-195,,
1873,,,,2021-03-01,,,,17.6,15,SKU-199,,
1874,,,,2021-03-01,,,,36.96,14,SKU-203,,
1875,,,,2021-03-01,,,,5.28,19,SKU-203,,
1876,,,,2021-03-01,,,,5.28,1,SKU-204,,
1877,,,,2021-03-01,,,,5.28,1,SKU-223,,
1878,,,,2021-03-01,,,,5.28,10,SKU-223,,
1879,,,,2021-03-01,,,,11.88,26,SKU-223,,
1880,,,,2021-03-01,,,,2.64,6,SKU-287,,
1881,,,,2021-03-01,,,,2.64,9,SKU-287,,
1882,,,,2021-03-01,,,,8.8,5,SKU-451,,
1883,,,,2021-03-01,,,,1.1,13,SKU-451,,
1884,,,,2021-03-01,,,,1.1,22,SKU-451,,
1885,,,,2021-03-01,,,,50.6,2,SKU-601,,
1886,,,,2021-03-01,,,,34.1,4,SKU-708,,
1887,,,,2021-03-01,,,,7.04,4,SKU-900,,
1888,,,,2021-04-01,,,,70.4,5,SKU-199,,
1889,,,,2021-04-01,,,,17.6,12,SKU-199,,
1890,,,,2021-04-01,,,,17.6,34,SKU-199,,
1891,,,,2021-04-01,,,,4.22,8,SKU-203,,
1892,,,,2021-04-01,,,,5.28,12,SKU-203,,
1893,,,,2021-04-01,,,,5.28,33,SKU-203,,
1894,,,,2021-04-01,,,,5.28,6,SKU-204,,
1895,,,,2021-04-01,,,,5.28,8,SKU-222,,
1896,,,,2021-04-01,,,,5.28,2,SKU-223,,
1897,,,,2021-04-01,,,,5.28,15,SKU-223,,
1898,,,,2021-04-01,,,,2.64,22,SKU-287,,
1899,,,,2021-04-01,,,,1.1,20,SKU-451,,
1900,,,,2021-04-01,,,,48.4,20,SKU-601,,
1901,,,,2021-04-01,,,,7.92,34,SKU-712,,
1902,,,,2021-04-01,,,,49.28,1,SKU-900,,
1903,,,,2021-04-01,,,,9.5,3,SKU-900,,
1904,,,,2021-04-01,,,,7.04,14,SKU-900,,
1905,,,,2021-04-01,,,,14.96,29,SKU-900,,
1906,,,,2021-05-01,,,,3.96,27,SKU-192,,
1907,,,,2021-05-01,,,,123.2,24,SKU-199,,
1908,,,,2021-05-01,,,,15.84,28,SKU-199,,
1909,,,,2021-05-01,,,,5.28,9,SKU-203,,
1910,,,,2021-05-01,,,,5.28,33,SKU-203,,
1911,,,,2021-05-01,,,,5.28,6,SKU-204,,
1912,,,,2021-05-01,,,,40.92,12,SKU-223,,
1913,,,,2021-05-01,,,,2.64,4,SKU-287,,
1914,,,,2021-05-01,,,,3.96,6,SKU-287,,
1915,,,,2021-05-01,,,,1.1,1,SKU-451,,
1916,,,,2021-05-01,,,,25.3,22,SKU-601,,
1917,,,,2021-05-01,,,,23.1,24,SKU-601,,
1918,,,,2021-05-01,,,,23.1,29,SKU-601,,
1919,,,,2021-05-01,,,,23.1,34,SKU-601,,
1920,,,,2021-05-01,,,,7.92,2,SKU-900,,
1921,,,,2021-05-01,,,,7.92,20,SKU-900,,
1922,,,,2021-05-01,,,,9.24,12,SKU-928,,
1923,,,,2021-05-01,,,,9.24,20,SKU-928,,
1924,,,,2021-05-01,,,,64.68,34,SKU-928,,
1925,,,,2021-06-01,,,,10.56,28,SKU-195,,
1926,,,,2021-06-01,,,,17.6,5,SKU-199,,
1927,,,,2021-06-01,,,,128.48,15,SKU-199,,
1928,,,,2021-06-01,,,,17.6,33,SKU-199,,
1929,,,,2021-06-01,,,,15.84,4,SKU-203,,
1930,,,,2021-06-01,,,,42.24,22,SKU-203,,
1931,,,,2021-06-01,,,,5.28,6,SKU-204,,
1932,,,,2021-06-01,,,,6.6,5,SKU-223,,
1933,,,,2021-06-01,,,,6.6,14,SKU-223,,
1934,,,,2021-06-01,,,,2.64,6,SKU-287,,
1935,,,,2021-06-01,,,,2.64,25,SKU-287,,
1936,,,,2021-06-01,,,,13.2,29,SKU-287,,
1937,,,,2021-06-01,,,,1.1,6,SKU-451,,
1938,,,,2021-06-01,,,,25.3,6,SKU-601,,
1939,,,,2021-06-01,,,,5.5,2,SKU-708,,
1940,,,,2021-06-01,,,,5.5,12,SKU-708,,
1941,,,,2021-06-01,,,,42.24,5,SKU-900,,
1942,,,,2021-06-01,,,,3.52,6,SKU-900,,
1943,,,,2021-06-01,,,,6.16,26,SKU-900,,
1944,,,,2021-06-01,,,,7.92,34,SKU-900,,
1945,,,,2021-06-01,,,,7.92,6,SKU-928,,
1946,,,,2021-07-01,,,,10.56,4,SKU-195,,
1947,,,,2021-07-01,,,,10.56,34,SKU-195,,
1948,,,,2021-07-01,,,,15.84,33,SKU-199,,
1949,,,,2021-07-01,,,,5.28,2,SKU-203,,
1950,,,,2021-07-01,,,,6.34,3,SKU-203,,
1951,,,,2021-07-01,,,,5.28,6,SKU-203,,
1952,,,,2021-07-01,,,,5.28,16,SKU-203,,
1953,,,,2021-07-01,,,,5.28,24,SKU-203,,
1954,,,,2021-07-01,,,,26.4,34,SKU-203,,
1955,,,,2021-07-01,,,,3.96,1,SKU-204,,
1956,,,,2021-07-01,,,,6.6,1,SKU-223,,
1957,,,,2021-07-01,,,,5.28,14,SKU-223,,
1958,,,,2021-07-01,,,,2.64,6,SKU-287,,
1959,,,,2021-07-01,,,,2.64,12,SKU-287,,
1960,,,,2021-07-01,,,,3.96,15,SKU-287,,
1961,,,,2021-07-01,,,,2.64,29,SKU-287,,
1962,,,,2021-07-01,,,,1.1,6,SKU-451,,
1963,,,,2021-07-01,,,,1.1,34,SKU-451,,
1964,,,,2021-07-01,,,,181.5,12,SKU-601,,
1965,,,,2021-07-01,,,,25.3,29,SKU-601,,
1966,,,,2021-07-01,,,,7.92,29,SKU-900,,
1967,,,,2021-07-01,,,,9.24,22,SKU-928,,
1968,,,,2021-08-01,,,,2.64,17,SKU-192,,
1969,,,,2021-08-01,,,,3.96,34,SKU-192,,
1970,,,,2021-08-01,,,,5.28,4,SKU-203,,
1971,,,,2021-08-01,,,,5.28,15,SKU-203,,
1972,,,,2021-08-01,,,,21.12,20,SKU-203,,
1973,,,,2021-08-01,,,,5.28,2,SKU-204,,
1974,,,,2021-08-01,,,,5.28,6,SKU-204,,
1975,,,,2021-08-01,,,,2.64,1,SKU-287,,
1976,,,,2021-08-01,,,,3.17,3,SKU-287,,
1977,,,,2021-08-01,,,,2.64,13,SKU-287,,
1978,,,,2021-08-01,,,,5.5,9,SKU-451,,
1979,,,,2021-08-01,,,,23.1,9,SKU-601,,
1980,,,,2021-08-01,,,,6.16,2,SKU-900,,
1981,,,,2021-08-01,,,,7.92,5,SKU-900,,
1982,,,,2021-08-01,,,,9.24,12,SKU-928,,
1983,,,,2021-08-01,,,,9.24,34,SKU-928,,
1984,,,,2021-09-01,,,,12.1,14,SKU-101,,
1985,,,,2021-09-01,,,,3.96,1,SKU-192,,
1986,,,,2021-09-01,,,,3.96,16,SKU-192,,
1987,,,,2021-09-01,,,,19.8,26,SKU-192,,
1988,,,,2021-09-01,,,,1.32,29,SKU-192,,
1989,,,,2021-09-01,,,,3.96,34,SKU-192,,
1990,,,,2021-09-01,,,,17.6,10,SKU-199,,
1991,,,,2021-09-01,,,,5.28,29,SKU-203,,
1992,,,,2021-09-01,,,,6.6,20,SKU-222,,
1993,,,,2021-09-01,,,,5.28,4,SKU-223,,
1994,,,,2021-09-01,,,,6.6,9,SKU-223,,
1995,,,,2021-09-01,,,,1.32,29,SKU-287,,
1996,,,,2021-09-01,,,,2.64,34,SKU-287,,
1997,,,,2021-09-01,,,,3.52,26,SKU-709,,
1998,,,,2021-09-01,,,,7.92,7,SKU-900,,
1999,,,,2021-09-01,,,,7.92,9,SKU-928,,
2000,,,,2021-10-01,,,,3.96,4,SKU-192,,
2001,,,,2021-10-01,,,,3.96,19,SKU-192,,
2002,,,,2021-10-01,,,,3.96,34,SKU-192,,
2003,,,,2021-10-01,,,,10.56,4,SKU-195,,
2004,,,,2021-10-01,,,,15.84,21,SKU-199,,
2005,,,,2021-10-01,,,,17.6,29,SKU-199,,
2006,,,,2021-10-01,,,,5.28,28,SKU-203,,
2007,,,,2021-10-01,,,,13.2,29,SKU-223,,
2008,,,,2021-10-01,,,,2.64,29,SKU-287,,
2009,,,,2021-10-01,,,,1.1,9,SKU-451,,
2010,,,,2021-10-01,,,,1.1,16,SKU-451,,
2011,,,,2021-10-01,,,,23.1,20,SKU-601,,
2012,,,,2021-10-01,,,,126.5,34,SKU-601,,
2013,,,,2021-10-01,,,,3.52,25,SKU-709,,
2014,,,,2021-10-01,,,,6.6,12,SKU-712,,
2015,,,,2021-10-01,,,,7.92,16,SKU-712,,
2016,,,,2021-10-01,,,,7.92,26,SKU-900,,
2017,,,,2021-10-01,,,,7.92,1,SKU-928,,
2018,,,,2021-10-01,,,,9.24,29,SKU-928,,
2019,,,,2021-11-01,,,,1.32,15,SKU-192,,
2020,,,,2021-11-01,,,,11.44,29,SKU-195,,
2021,,,,2021-11-01,,,,5.28,20,SKU-203,,
2022,,,,2021-11-01,,,,7.92,29,SKU-222,,
2023,,,,2021-11-01,,,,6.6,34,SKU-223,,
2024,,,,2021-11-01,,,,2.64,6,SKU-287,,
2025,,,,2021-11-01,,,,5.28,27,SKU-287,,
2026,,,,2021-11-01,,,,2.64,29,SKU-287,,
2027,,,,2021-11-01,,,,2.64,34,SKU-287,,
2028,,,,2021-11-01,,,,1.1,13,SKU-451,,
2029,,,,2021-11-01,,,,1.1,33,SKU-451,,
2030,,,,2021-11-01,,,,2.64,29,SKU-709,,
2031,,,,2021-11-01,,,,6.6,17,SKU-712,,
2032,,,,2021-11-01,,,,7.92,4,SKU-900,,
2033,,,,2021-11-01,,,,7.92,5,SKU-900,,
2034,,,,2021-11-01,,,,7.92,6,SKU-900,,
2035,,,,2021-11-01,,,,9.24,15,SKU-928,,
2036,,,,2021-11-01,,,,9.24,23,SKU-928,,
2037,,,,2021-11-01,,,,7.92,32,SKU-928,,
2038,,,,2021-12-01,,,,3.3,25,SKU-101,,
2039,,,,2021-12-01,,,,11.88,4,SKU-192,,
2040,,,,2021-12-01,,,,17.16,14,SKU-192,,
2041,,,,2021-12-01,,,,22.88,1,SKU-195,,
2042,,,,2021-12-01,,,,15.84,6,SKU-199,,
2043,,,,2021-12-01,,,,42.24,4,SKU-203,,
2044,,,,2021-12-01,,,,5.28,35,SKU-203,,
2045,,,,2021-12-01,,,,5.28,16,SKU-204,,
2046,,,,2021-12-01,,,,7.92,35,SKU-222,,
2047,,,,2021-12-01,,,,5.28,1,SKU-287,,
2048,,,,2021-12-01,,,,2.64,6,SKU-287,,
2049,,,,2021-12-01,,,,2.64,12,SKU-287,,
2050,,,,2021-12-01,,,,1.1,1,SKU-451,,
2051,,,,2021-12-01,,,,161.7,2,SKU-601,,
2052,,,,2021-12-01,,,,23.1,16,SKU-601,,
2053,,,,2021-12-01,,,,25.3,21,SKU-601,,
2054,,,,2021-12-01,,,,9.9,1,SKU-708,,
2055,,,,2021-12-01,,,,5.5,27,SKU-708,,
2056,,,,2021-12-01,,,,3.52,4,SKU-709,,
2057,,,,2021-12-01,,,,7.92,22,SKU-900,,
2058,,,,2021-12-01,,,,7.92,2,SKU-928,,
